hash,fecha,casos_positivos,fallecidos,hospitalizados,total_resultados,incremento_positivos,incremento_fallecidos,ultima_modificacion,anio_auditoria,mes_auditoria,dia_auditoria,fecha_completa_auditoria,tasa_positividad,tasa_mortalidad
a80d0063822e251249fd9a44730c49cb23defd83,20210307,28756489.0,515151.0,40199.0,363825123.0,41835,842,2021-03-07T24:00:00Z,2025,03,26,2025-03-26 21:07:26,7.903931636958451,1.7914252327535536
dae5e558c24adb86686bbd58c08cce5f610b8bb0,20210306,28714654.0,514309.0,41401.0,362655064.0,60015,1680,2021-03-06T24:00:00Z,2025,03,26,2025-03-26 21:07:26,7.917896880656822,1.7911028981926789
724844c01659d0103801c57c0f72bf8cc8ab025c,20210305,5420657.0,177282.5,51329.0,74752658.0,68787,2221,2021-03-05T24:00:00Z,2025,03,26,2025-03-26 21:07:26,7.251457199020267,3.270498391615629
5c549ad30f9abf48dc5de36d20fa707014be1ff3,20210304,28585852.0,510408.0,44172.0,359479655.0,65487,1743,2021-03-04T24:00:00Z,2025,03,26,2025-03-26 21:07:26,7.952008299329207,1.7855266304464181
fef6c425d2b773a9221fe353f13852f3e4a4bfb0,20210303,28520365.0,508665.0,45462.0,357888671.0,66836,2449,2021-03-03T24:00:00Z,2025,03,26,2025-03-26 21:07:26,7.969060579735422,1.7835150426721398
f90cfd6129805f923153eb8da22a86b75eedf8fd,20210302,28453529.0,506216.0,46388.0,356481876.0,54248,1728,2021-03-02T24:00:00Z,2025,03,26,2025-03-26 21:07:26,7.981760340601439,1.7790974188122675
fe110199c554cbfbc73cba70a79f621483b58633,20210301,28399281.0,504488.0,46738.0,355138357.0,48092,1241,2021-03-01T24:00:00Z,2025,03,26,2025-03-26 21:07:26,7.996680854160735,1.7764111704095606
e6707b320942dd3747d8bf8f6d9eb3df51d3eb9b,20210228,28351189.0,503247.0,47352.0,353983917.0,54349,1051,2021-02-28T24:00:00Z,2025,03,26,2025-03-26 21:07:26,8.009174326414383,1.7750472475775179
d147391f796f2e12e030e88d732e1fcc3332ba0f,20210227,28296840.0,502196.0,48871.0,352575495.0,71245,1847,2021-02-27T24:00:00Z,2025,03,26,2025-03-26 21:07:26,8.025753463098733,1.7747423387205072
a8e3b540b405af9291478478833507c9150982c9,20210226,5420657.0,177282.5,51329.0,74752658.0,74857,2141,2021-02-26T24:00:00Z,2025,03,26,2025-03-26 21:07:26,7.251457199020267,3.270498391615629
96567c9224d9e2421005b20d7661d5f698e84ee2,20210225,28150738.0,498208.0,52669.0,349117007.0,75565,3138,2021-02-25T24:00:00Z,2025,03,26,2025-03-26 21:07:26,8.063410671941284,1.7697866393413912
cb5e30469bb5fa9c8cc57419f854444b7085752d,20210224,28075173.0,495070.0,54118.0,347290863.0,73258,2447,2021-02-24T24:00:00Z,2025,03,26,2025-03-26 21:07:26,8.084051724677824,1.7633729273903318
b160cc76a55eb46ad84fee0ed21f3f11ff575c07,20210223,28001915.0,492623.0,55058.0,345840197.0,69105,2241,2021-02-23T24:00:00Z,2025,03,26,2025-03-26 21:07:26,8.096778582392492,1.7592475371773681
953907208abbebaa0ed863696371a8aaee01875b,20210222,27932810.0,490382.0,55403.0,344646362.0,52530,1235,2021-02-22T24:00:00Z,2025,03,26,2025-03-26 21:07:26,8.104774365788895,1.7555770436271896
9ef669705290054fca87e09e2400ccfca723e1dd,20210221,27880280.0,489147.0,56159.0,343445115.0,58702,1287,2021-02-21T24:00:00Z,2025,03,26,2025-03-26 21:07:26,8.117826919739416,1.7544551202498684
1c88106df899e0794d806f9a076c32871a56b409,20210220,27821578.0,487860.0,58222.0,342212120.0,72354,2160,2021-02-20T24:00:00Z,2025,03,26,2025-03-26 21:07:26,8.129921874187273,1.7535310182621562
133fb9fd79fdb907e5b91163c12dcb94ebcfc8a7,20210219,27749224.0,485700.0,59882.0,340921639.0,74676,2477,2021-02-19T24:00:00Z,2025,03,26,2025-03-26 21:07:26,8.139472777789855,1.7503192161337555
fce5878af42d4b34c917ce33fba9cfebd0bed50c,20210218,27674548.0,483223.0,62224.0,339043606.0,66824,2616,2021-02-18T24:00:00Z,2025,03,26,2025-03-26 21:07:26,8.162533523785138,1.7460917518869685
ae44ef14d0a2bbb22891fe7a4727376ae8a4eefe,20210217,27607724.0,480607.0,63329.0,337697757.0,66839,2348,2021-02-17T24:00:00Z,2025,03,26,2025-03-26 21:07:26,8.175276094593665,1.7408425265335166
e17f7931c95de689a278bb61419d0c7a5cae9c0f,20210216,27540885.0,478259.0,64457.0,336399336.0,56312,1353,2021-02-16T24:00:00Z,2025,03,26,2025-03-26 21:07:26,8.186961760233677,1.7365418722020007
f0b6e80a16ee4be858b4600426c87f62a7e948db,20210215,27484573.0,476906.0,65379.0,335345638.0,55077,1078,2021-02-15T24:00:00Z,2025,03,26,2025-03-26 21:07:26,8.195893992812275,1.7351770391339172
f51d712bfff4e331afc8dd2113672e407a3d99bf,20210214,27429496.0,475828.0,66947.0,334222078.0,72164,1366,2021-02-14T24:00:00Z,2025,03,26,2025-03-26 21:07:26,8.206967105267056,1.7347311084388866
32fd3d66a3799801735c646c36783d327122f61a,20210213,27357332.0,474462.0,69207.0,332782447.0,90642,3467,2021-02-13T24:00:00Z,2025,03,26,2025-03-26 21:07:26,8.220785755566009,1.7343138577987065
997a98bc6c2c22cbcae1bfa325eeac7b09349df7,20210212,27266690.0,470995.0,71471.0,331024839.0,101030,5427,2021-02-12T24:00:00Z,2025,03,26,2025-03-26 21:07:26,8.237052567526511,1.7273640474879788
68c04ffef08f6cc8caf4bfea5b950e2288f738bd,20210211,27165660.0,465568.0,74208.0,329212385.0,102417,3873,2021-02-11T24:00:00Z,2025,03,26,2025-03-26 21:07:26,8.251712644407348,1.7138107448889515
a5e18e2c47c764313e7accec45a3af3ea1f746c0,20210210,27063243.0,461695.0,76979.0,327356456.0,95194,3445,2021-02-10T24:00:00Z,2025,03,26,2025-03-26 21:07:26,8.267209185573538,1.7059854947908497
d6ab30f5a318ca939a2fdf9393fc0f335bfc1fc8,20210209,26968049.0,458250.0,79179.0,325973747.0,92986,2795,2021-02-09T24:00:00Z,2025,03,26,2025-03-26 21:07:26,8.273073904936277,1.6992330442591526
ddfbccf1e6b54cf690c54a52233ff34afc750ee2,20210208,26875063.0,455455.0,80055.0,324485266.0,77737,1309,2021-02-08T24:00:00Z,2025,03,26,2025-03-26 21:07:26,8.282367742392346,1.694712306348826
a2747a21d0be7bc1325eb930f49c12bd9d063f0b,20210207,26797326.0,454146.0,81439.0,323085257.0,95994,1475,2021-02-07T24:00:00Z,2025,03,26,2025-03-26 21:07:26,8.294196475823718,1.6947437218176171
f6fc0e18265107559ccba343740f3ef06d828737,20210206,26701332.0,452671.0,84233.0,321586449.0,114557,2994,2021-02-06T24:00:00Z,2025,03,26,2025-03-26 21:07:26,8.30300284201341,1.6953124286084305
e32393a09912d605685ff512547116d62a867235,20210205,5420657.0,177282.5,51329.0,74752658.0,131146,3543,2021-02-05T24:00:00Z,2025,03,26,2025-03-26 21:07:26,7.251457199020267,3.270498391615629
5618b9bae5c5ac569889ac886ee0655b94908618,20210204,26455629.0,446134.0,88668.0,317829099.0,123907,5212,2021-02-04T24:00:00Z,2025,03,26,2025-03-26 21:07:26,8.323853631790964,1.6863481113981453
d1fb1ca4d5de63f3698cdacf1fc9bb7a3f9e2f65,20210203,26331722.0,440922.0,91440.0,316165104.0,116960,3685,2021-02-03T24:00:00Z,2025,03,26,2025-03-26 21:07:26,8.328471949263571,1.674489803591273
4a7ce3300dcac3facf61fc45c90dbccd0b062ed0,20210202,26214762.0,437237.0,92880.0,314780223.0,117616,3486,2021-02-02T24:00:00Z,2025,03,26,2025-03-26 21:07:26,8.32795712200763,1.6679037559066912
1a664c2c2bd6239c309e1bf86249356944a10f45,20210201,26097146.0,433751.0,93536.0,313394628.0,120200,1562,2021-02-01T24:00:00Z,2025,03,26,2025-03-26 21:07:26,8.327247396212547,1.662062970410634
e4f76197700457237870b32c7da34314b97167f9,20210131,25976946.0,432189.0,95013.0,311887083.0,119367,2059,2021-01-31T24:00:00Z,2025,03,26,2025-03-26 21:07:26,8.328958593004636,1.6637406106168138
7d92d3a85772369d403427a69e613db17892c4e0,20210130,25857579.0,430130.0,97561.0,310161359.0,148824,2982,2021-01-30T24:00:00Z,2025,03,26,2025-03-26 21:07:26,8.3368150962996,1.6634581296261342
ab8a093eb80eaae01f1f86776a15028812b40e50,20210129,25708755.0,427148.0,101003.0,308021780.0,167111,3503,2021-01-29T24:00:00Z,2025,03,26,2025-03-26 21:07:26,8.346408166331615,1.6614884695894454
8692445009bb33dee1d85bc95e95bfb8758d9979,20210128,25541644.0,423645.0,104303.0,306066679.0,157306,4011,2021-01-28T24:00:00Z,2025,03,26,2025-03-26 21:07:26,8.345124037497724,1.658644212565174
5f21e4490e738297c35e1a4a132c07f890e1dfc1,20210127,25384338.0,419634.0,107444.0,304129918.0,153985,4077,2021-01-27T24:00:00Z,2025,03,26,2025-03-26 21:07:26,8.346544189710398,1.6531217004753087
a62a2e827836c0c936484465ac931304c5334111,20210126,25230353.0,415557.0,108960.0,302503525.0,146448,3734,2021-01-26T24:00:00Z,2025,03,26,2025-03-26 21:07:26,8.340515370853943,1.6470518664562481
e0c576faf112999072321cd7dc6265864792ee4b,20210125,25083905.0,411823.0,109938.0,300769726.0,133454,1593,2021-01-25T24:00:00Z,2025,03,26,2025-03-26 21:07:26,8.339903531381347,1.6417818517491596
bf79335a1227f60427950055b55519be2388b3a1,20210124,24950451.0,410230.0,110628.0,299139335.0,144234,1944,2021-01-24T24:00:00Z,2025,03,26,2025-03-26 21:07:26,8.340745626114332,1.6441786964091352
47dfa961be79d64fc93c624aa8c30a8878559c1b,20210123,24806217.0,408286.0,113609.0,297346443.0,177118,3591,2021-01-23T24:00:00Z,2025,03,26,2025-03-26 21:07:26,8.342530265277126,1.6459019124117154
06962832ce32532fd5ccd76cf9eba51fd11b14bd,20210122,24629099.0,404695.0,116264.0,295356371.0,190915,3980,2021-01-22T24:00:00Z,2025,03,26,2025-03-26 21:07:26,8.338773569235112,1.6431579571790262
21696545a9eca409a45f2f497e0fa38ebd1a25eb,20210121,24438184.0,400715.0,119949.0,293334343.0,186275,3878,2021-01-21T24:00:00Z,2025,03,26,2025-03-26 21:07:26,8.331170414641834,1.639708580637579
819039596a7dcf8d78153d40208f57851b7db32e,20210120,24251909.0,396837.0,122754.0,291400661.0,189203,4409,2021-01-20T24:00:00Z,2025,03,26,2025-03-26 21:07:26,8.322530538117071,1.6363124239003206
11b510b66d6edce36bf0aed51c3e8296ce47c277,20210119,24062706.0,392428.0,123910.0,289549311.0,146626,2141,2021-01-19T24:00:00Z,2025,03,26,2025-03-26 21:07:26,8.31040002025769,1.6308556485708632
d9e4af585fc4167d1e9628e25d97a7c6e4a40e99,20210118,23916080.0,390287.0,123848.0,287952448.0,150792,1395,2021-01-18T24:00:00Z,2025,03,26,2025-03-26 21:07:26,8.305565785639718,1.6319020508377629
1aef54cdc324f99322ee4f9bc4a5fdee7543bdc8,20210117,23765288.0,388892.0,124387.0,286181180.0,187218,2053,2021-01-17T24:00:00Z,2025,03,26,2025-03-26 21:07:26,8.304280526063943,1.6363866493012833
8bd15f2d04c47a37855909d9cbddfe1268db349f,20210116,23578070.0,386839.0,126139.0,284264424.0,218085,3709,2021-01-16T24:00:00Z,2025,03,26,2025-03-26 21:07:26,8.2944146398003,1.6406728795020118
aebb983bfe704ed005f908899e42a3df7051bd76,20210115,23359985.0,383130.0,127235.0,282148200.0,246454,3679,2021-01-15T24:00:00Z,2025,03,26,2025-03-26 21:07:26,8.279331571138854,1.6401123545242
2750d68904863f78abbb73c734ac405cfceecf81,20210114,23113531.0,379451.0,128947.0,279838316.0,225616,3915,2021-01-14T24:00:00Z,2025,03,26,2025-03-26 21:07:26,8.259601948147802,1.6416833931604824
6c0eec149b4b4748b89cd27ff01076f0e2119710,20210113,22887915.0,375536.0,130391.0,277789417.0,224491,4087,2021-01-13T24:00:00Z,2025,03,26,2025-03-26 21:07:26,8.239304163268395,1.6407610741301686
bf3972ee2333e0ff7bcf5a540e6b1a0d1e441b24,20210112,22663424.0,371449.0,131326.0,275962021.0,218020,4064,2021-01-12T24:00:00Z,2025,03,26,2025-03-26 21:07:26,8.212515591049394,1.6389800587942933
22c31c3ff9a1bd641b214b6d5205f3511257e78b,20210111,22445404.0,367385.0,129793.0,274017787.0,195255,1733,2021-01-11T24:00:00Z,2025,03,26,2025-03-26 21:07:26,8.191221542855537,1.6367938843961107
7cccf18801ff31632d640e53a26af5f7e254c2d2,20210110,22250149.0,365652.0,129223.0,272322020.0,228732,2068,2021-01-10T24:00:00Z,2025,03,26,2025-03-26 21:07:26,8.17052877325161,1.6433687702495834
49df0480c84e8cf8031e9daf58f6228759e6985f,20210109,22021417.0,363584.0,130781.0,270270359.0,269368,3537,2021-01-09T24:00:00Z,2025,03,26,2025-03-26 21:07:26,8.147921615037333,1.6510472509557401
627026ea4e8920a0200db4738f162eb161b8b6d1,20210108,21752049.0,360047.0,131921.0,268132659.0,295121,3780,2021-01-08T24:00:00Z,2025,03,26,2025-03-26 21:07:26,8.1124205761149,1.6552325714235014
91f84c1dd65e0cb375e7bd4560805e810a071942,20210107,21456928.0,356267.0,132370.0,265986436.0,272043,4079,2021-01-07T24:00:00Z,2025,03,26,2025-03-26 21:07:26,8.06692563826826,1.660382138580136
2d62aa82b972b446848804e4ae2fa5ea5338d430,20210106,21184885.0,352188.0,132474.0,264058174.0,250184,3902,2021-01-06T24:00:00Z,2025,03,26,2025-03-26 21:07:26,8.022809776757752,1.6624494303367705
589a85913c25309b31dbd8635ff14059b3eb6473,20210105,20934701.0,348286.0,131195.0,262407681.0,219075,3484,2021-01-05T24:00:00Z,2025,03,26,2025-03-26 21:07:26,7.977929960060886,1.6636779288130268
35eeaeb8a3db8e46a289a54bc7b08e3c14fc90c7,20210104,20715626.0,344802.0,128210.0,260686674.0,179571,1547,2021-01-04T24:00:00Z,2025,03,26,2025-03-26 21:07:26,7.946561165608335,1.6644536834175323
a7e7dcfaf216b997aa301630cdb3ab1ad9b4382f,20210103,20536055.0,343255.0,125562.0,259174063.0,208457,1455,2021-01-03T24:00:00Z,2025,03,26,2025-03-26 21:07:26,7.92365361035375,1.6714748767472623
1cae9503112548803a332efdf3e3caaeee904141,20210102,20327598.0,341800.0,123614.0,257729806.0,280318,2406,2021-01-02T24:00:00Z,2025,03,26,2025-03-26 21:07:26,7.887173903355206,1.6814578879413102
9994a6eaa4e8fd91674c5ec8f74b237be23fd8ce,20210101,20047280.0,339394.0,125047.0,255795456.0,182906,2592,2021-01-01T24:00:00Z,2025,03,26,2025-03-26 21:07:26,7.837230697327165,1.692967824063913
febd6590bd09d2e0ff39e0772a8953caa4106224,20201231,19864374.0,336802.0,125423.0,254249919.0,226246,3297,2020-12-31T24:00:00Z,2025,03,26,2025-03-26 21:07:26,7.812932282586097,1.6955077466825785
d55afa7354a34a5d7351cd334c201b1329c5d753,20201230,19638128.0,333505.0,125220.0,252452699.0,229496,3900,2020-12-30T24:00:00Z,2025,03,26,2025-03-26 21:07:26,7.778933668679058,1.6982525014604244
f2b3d4a165d2bce2705b98a772bb8a1aeaa6edf3,20201229,19408632.0,329605.0,124686.0,250868986.0,199679,3289,2020-12-29T24:00:00Z,2025,03,26,2025-03-26 21:07:26,7.7365609473942705,1.6982392164476094
d081afdb641baa8c5081b052abaa2f981835b3cd,20201228,19208953.0,326316.0,121202.0,249525472.0,164127,1490,2020-12-28T24:00:00Z,2025,03,26,2025-03-26 21:07:26,7.6981932329537885,1.6987703598421007
b3d199ee2f4ed59fa488cb97b2d300a6366a4b63,20201227,19044826.0,324826.0,118720.0,248193350.0,153540,1397,2020-12-27T24:00:00Z,2025,03,26,2025-03-26 21:07:26,7.6733828686385035,1.7055865986908991
01109e24d18c9914d7209c6f42f6a6d3e793b019,20201226,18891286.0,323429.0,117344.0,246798110.0,190594,1426,2020-12-26T24:00:00Z,2025,03,26,2025-03-26 21:07:26,7.654550514993814,1.7120539067589153
0f051125d8d087b7d16ff389091232fd325c3d12,20201225,5420657.0,177282.5,51329.0,74752658.0,126796,1553,2020-12-25T24:00:00Z,2025,03,26,2025-03-26 21:07:26,7.251457199020267,3.270498391615629
d0910e80c9a5375fafacdd471012847ce2f8724f,20201224,5420657.0,177282.5,51329.0,74752658.0,206684,2958,2020-12-24T24:00:00Z,2025,03,26,2025-03-26 21:07:26,7.251457199020267,3.270498391615629
7d7be5c7af716807b2a5cf6af6340d77c50a2f57,20201223,18367212.0,317492.0,119463.0,241223878.0,224526,3393,2020-12-23T24:00:00Z,2025,03,26,2025-03-26 21:07:26,7.6141765700325905,1.7285802548584943
5b6b41dfb20daa59ceb73823074eb15004c2663a,20201222,18142686.0,314099.0,117777.0,239432397.0,193008,3137,2020-12-22T24:00:00Z,2025,03,26,2025-03-26 21:07:26,7.577373082056226,1.7312706619075036
714f8224c880b41217c2de98ebcf093ace15be56,20201221,5420657.0,177282.5,51329.0,74752658.0,179406,1480,2020-12-21T24:00:00Z,2025,03,26,2025-03-26 21:07:26,7.251457199020267,3.270498391615629
c49ecbab3e4aa3c20a7afcd99c35b561ac09a331,20201220,17770272.0,309482.0,113601.0,235687674.0,197494,1668,2020-12-20T24:00:00Z,2025,03,26,2025-03-26 21:07:26,7.539754497301374,1.7415715415048234
047a8b64ac5b7719d46e7d82abd5a2bcd5c0211d,20201219,5420657.0,177282.5,51329.0,74752658.0,204873,2708,2020-12-19T24:00:00Z,2025,03,26,2025-03-26 21:07:26,7.251457199020267,3.270498391615629
14206a45d17c0ebf5b2db4f29235c8b255590857,20201218,5420657.0,177282.5,51329.0,74752658.0,241786,2866,2020-12-18T24:00:00Z,2025,03,26,2025-03-26 21:07:26,7.251457199020267,3.270498391615629
9d1daf6b4945d33b62d036344825da32d1c8d4db,20201217,17126119.0,302240.0,114492.0,229813040.0,242970,3465,2020-12-17T24:00:00Z,2025,03,26,2025-03-26 21:07:26,7.452196359266646,1.7647897927136909
7fa8571f82eb8dbe23629a5c5624e26ea1bc2867,20201216,16883149.0,298775.0,113257.0,227900343.0,234288,3453,2020-12-16T24:00:00Z,2025,03,26,2025-03-26 21:07:26,7.408127946520906,1.7696639412469795
e0eaca65c5bb6e7a7e99cd9e2d97dc0a89251435,20201215,16648861.0,295322.0,112816.0,226060347.0,193218,2924,2020-12-15T24:00:00Z,2025,03,26,2025-03-26 21:07:26,7.364786094042401,1.7738270503910147
82b06d9c633de0ef58a3596bf3158c6ea2f8639c,20201214,16455643.0,292398.0,110573.0,224227209.0,193286,1357,2020-12-14T24:00:00Z,2025,03,26,2025-03-26 21:07:26,7.338825235968575,1.7768858986549476
322713c10f5e885956b0e9736fa792a55c546a72,20201213,16262357.0,291041.0,109298.0,222216258.0,187251,1501,2020-12-13T24:00:00Z,2025,03,26,2025-03-26 21:07:26,7.31825706470136,1.7896606254554612
70c91ccacfc569cdbd8582e832ec0f77a50d4371,20201212,16075106.0,289540.0,108461.0,220388948.0,226904,2497,2020-12-12T24:00:00Z,2025,03,26,2025-03-26 21:07:26,7.293971020724688,1.801170082486548
b04ff95fcd06addaa0f6ddcba59a94825c5e9f1a,20201211,15848202.0,287043.0,108101.0,218469052.0,236933,2747,2020-12-11T24:00:00Z,2025,03,26,2025-03-26 21:07:26,7.254209168262422,1.8112023054728859
43e452017b944386938ec97556d206d033276015,20201210,15611269.0,284296.0,107300.0,216499543.0,220846,3132,2020-12-10T24:00:00Z,2025,03,26,2025-03-26 21:07:26,7.210763026876228,1.8210947489278417
dec935f236543cd31549e725e06a2794c7714de0,20201209,15390423.0,281164.0,106671.0,214531965.0,216728,3169,2020-12-09T24:00:00Z,2025,03,26,2025-03-26 21:07:26,7.173953308076957,1.8268763633072334
792db4a2a00edc8820bcc4a2d82e7ba0934873ca,20201208,15173695.0,277995.0,104637.0,212699420.0,217844,2680,2020-12-08T24:00:00Z,2025,03,26,2025-03-26 21:07:26,7.133867595877788,1.832085065634969
617fc7a86268ddf44f56b7b720eebd29cc5ff759,20201207,14955851.0,275315.0,102122.0,211008506.0,181897,1291,2020-12-07T24:00:00Z,2025,03,26,2025-03-26 21:07:26,7.087795313805975,1.8408514500445345
da37620365a3ac7958b6815b8dd808b67dae63db,20201206,14773954.0,274024.0,101501.0,209355237.0,182580,1163,2020-12-06T24:00:00Z,2025,03,26,2025-03-26 21:07:26,7.056882938161227,1.854777671569845
5f4f9c20e8953b757a5f6bc1258ca09f9e4048e3,20201205,14591374.0,272861.0,101192.0,207679458.0,219070,2486,2020-12-05T24:00:00Z,2025,03,26,2025-03-26 21:07:26,7.025911055680817,1.870015805228486
bc712ea0a264d51e629a77c915a32360b57d9b06,20201204,14372304.0,270375.0,101309.0,205377372.0,230313,2563,2020-12-04T24:00:00Z,2025,03,26,2025-03-26 21:07:26,6.9979978125340905,1.881222384385969
afd4e62b8fc405c8ee387b5ac7c283332fbb3118,20201203,14141991.0,267812.0,100746.0,203458633.0,216271,2822,2020-12-03T24:00:00Z,2025,03,26,2025-03-26 21:07:26,6.950794267845101,1.8937361790146805
fb639848f171c8921ff4089bdf351447dc3df043,20201202,13925720.0,264990.0,100327.0,201554613.0,203429,2811,2020-12-02T24:00:00Z,2025,03,26,2025-03-26 21:07:26,6.909154691488009,1.9028818617637007
e6f01fdbf1bc66989d8b17c9beaa0103a27e6093,20201201,13722291.0,262179.0,98814.0,199966644.0,181183,2489,2020-12-01T24:00:00Z,2025,03,26,2025-03-26 21:07:26,6.862289992724986,1.910606618093145
724103a31c0774867f3a0930cfde74aa45854142,20201130,13541108.0,259690.0,96134.0,198472598.0,150031,1037,2020-11-30T24:00:00Z,2025,03,26,2025-03-26 21:07:26,6.822658712816365,1.9177898883902262
6eac1babd58bae3cd832ffce8159f298657e7ad3,20201129,13391077.0,258653.0,93357.0,196952358.0,137254,825,2020-11-29T24:00:00Z,2025,03,26,2025-03-26 21:07:26,6.799145303962291,1.9315324674781573
44b8bcd8f4f699f094a0f30cda0a7e218df07d18,20201128,13253823.0,257828.0,91762.0,195615223.0,151469,1243,2020-11-28T24:00:00Z,2025,03,26,2025-03-26 21:07:26,6.775455814090706,1.9453104210007934
8476766a0279dafd95222fe1fbb1cafd06e41cbe,20201127,13102354.0,256585.0,89913.0,193939999.0,198874,1404,2020-11-27T24:00:00Z,2025,03,26,2025-03-26 21:07:26,6.755880203959371,1.9583122238950343
8ca8ff73ed1fd843b2bce0a5dabaddfc37917333,20201126,12903480.0,255181.0,90564.0,191969471.0,129764,1392,2020-11-26T24:00:00Z,2025,03,26,2025-03-26 21:07:26,6.7216312743811235,1.9776137910083171
3ab2bc2bf282b317eb211cdcedefc451c63cc0d5,20201125,12773716.0,253789.0,90043.0,190501860.0,188496,2281,2020-11-25T24:00:00Z,2025,03,26,2025-03-26 21:07:26,6.705297260614673,1.986806345154378
99502c586675f5d9ce841b2ba7d8fcae989c3c3d,20201124,12585220.0,251508.0,88132.0,188620801.0,166503,2091,2020-11-24T24:00:00Z,2025,03,26,2025-03-26 21:07:26,6.672233355641406,1.9984394392787732
b21944104773f6c8d20fa3ee2c650c6257b3342e,20201123,12418717.0,249417.0,85945.0,186746964.0,154696,853,2020-11-23T24:00:00Z,2025,03,26,2025-03-26 21:07:26,6.650023504532047,2.008395875354918
ef547861546c86bd93a14c91b38643a38d4d58d1,20201122,12264021.0,248564.0,83882.0,185075953.0,154188,923,2020-11-22T24:00:00Z,2025,03,26,2025-03-26 21:07:26,6.626479994405324,2.0267740898356257
551553b93b21bf46409a53c010169e7d70c8050d,20201121,12109833.0,247641.0,83346.0,183257160.0,186385,1551,2020-11-21T24:00:00Z,2025,03,26,2025-03-26 21:07:26,6.60810906378774,2.044958010568767
13377beaf14b7f3873f8b95330619dad29797251,20201120,11923448.0,246090.0,82318.0,181116695.0,197164,1910,2020-11-20T24:00:00Z,2025,03,26,2025-03-26 21:07:26,6.583295924210632,2.0639164107563515
5ba4600525b5bc043a02b951b8bf08b86d4bc18d,20201119,11726284.0,244180.0,80669.0,179111809.0,187932,2010,2020-11-19T24:00:00Z,2025,03,26,2025-03-26 21:07:26,6.546907244960046,2.0823306002140147
571f8206dea18d320da26e9c16c69922272d0ab8,20201118,11538352.0,242170.0,79478.0,177266455.0,168220,1885,2020-11-18T24:00:00Z,2025,03,26,2025-03-26 21:07:26,6.509044252055472,2.098826591527109
dad122bd34413930379f5e511860ad30b8a49ae2,20201117,11370132.0,240285.0,77047.0,175565449.0,159826,1553,2020-11-17T24:00:00Z,2025,03,26,2025-03-26 21:07:26,6.4762924964809,2.113300003904968
7b5037f5e738cd8d113560bdf8ab533beafa3dd7,20201116,11210306.0,238732.0,73320.0,173931177.0,149977,607,2020-11-16T24:00:00Z,2025,03,26,2025-03-26 21:07:26,6.445253917875804,2.1295761239702107
234e98be4a316e55c1e885959a15df5d7f27e711,20201115,11060329.0,238125.0,70202.0,172446547.0,147062,712,2020-11-15T24:00:00Z,2025,03,26,2025-03-26 21:07:26,6.413772378985357,2.1529648891999504
480f6a606eba11f9bb6402edd707baca6c0cbba0,20201114,10913267.0,237413.0,69588.0,170820110.0,167726,1353,2020-11-14T24:00:00Z,2025,03,26,2025-03-26 21:07:26,6.3887483739473065,2.175453051776338
cec9dca3f034c7218fdc55f8f8634d9040a190b0,20201113,10745541.0,236060.0,68585.0,169034221.0,174633,1301,2020-11-13T24:00:00Z,2025,03,26,2025-03-26 21:07:26,6.357021043685586,2.1968181964965745
108e545e857a30a0b22bca57465c58838922701a,20201112,10570908.0,234759.0,67236.0,167291662.0,157542,1112,2020-11-12T24:00:00Z,2025,03,26,2025-03-26 21:07:26,6.31884929208247,2.2208026027660064
1261ba112ac98aa1779a6bd93c8c460826223999,20201111,10413366.0,233647.0,65549.0,165684111.0,149333,1577,2020-11-11T24:00:00Z,2025,03,26,2025-03-26 21:07:26,6.2850721998321255,2.2437221547768513
bf739d96c71cabbdf6cde427f01e0eda7f8748d4,20201110,10264033.0,232070.0,62119.0,164180551.0,135569,1358,2020-11-10T24:00:00Z,2025,03,26,2025-03-26 21:07:26,6.251674109681847,2.2610020836838696
ebdd274b4919a2f993748b3c10491e337507f6e7,20201109,10128464.0,230712.0,59342.0,162793615.0,118403,577,2020-11-09T24:00:00Z,2025,03,26,2025-03-26 21:07:26,6.221659246279407,2.2778577284768944
7eb6b9d9c614451e644c9de31ff8dc7e712668c2,20201108,10010061.0,230135.0,56942.0,161479235.0,112445,513,2020-11-08T24:00:00Z,2025,03,26,2025-03-26 21:07:26,6.198977224532926,2.299036938935737
30dd8e71d67240ecaea0a83f46b5f72d7857db78,20201107,9897616.0,229622.0,56037.0,160213177.0,132113,1125,2020-11-07T24:00:00Z,2025,03,26,2025-03-26 21:07:26,6.177778997541507,2.319972809613952
b616af7f48793ba11bd9ca0ee5f6d43d266f225f,20201106,9765503.0,228497.0,55005.0,158667013.0,129990,1185,2020-11-06T24:00:00Z,2025,03,26,2025-03-26 21:07:26,6.15471534716545,2.339838511134552
28ab88ba50789f0f2f56153766eb7672641b4c4d,20201105,9635513.0,227312.0,53380.0,156894058.0,119023,1154,2020-11-05T24:00:00Z,2025,03,26,2025-03-26 21:07:26,6.141413590054507,2.359106359983117
285ef8084ab9ad05307e45b8dd95b977127e69e7,20201104,9516490.0,226158.0,52166.0,155332996.0,105996,1131,2020-11-04T24:00:00Z,2025,03,26,2025-03-26 21:07:26,6.126509012933736,2.3764854478909765
c0e4e6a613cb4ee654e4506dff34a572527ae69c,20201103,5420657.0,177282.5,51329.0,74752658.0,119949,1517,2020-11-03T24:00:00Z,2025,03,26,2025-03-26 21:07:26,7.251457199020267,3.270498391615629
60cc1f499ddba555f87f758c85747f38b27cf5e4,20201102,9290545.0,223510.0,48750.0,152745393.0,83454,475,2020-11-02T24:00:00Z,2025,03,26,2025-03-26 21:07:26,6.082373299468351,2.4057792088623433
1b0570500365e585ffa2bc6b2499d700fe60fb03,20201101,9207091.0,223035.0,47615.0,151506495.0,141974,410,2020-11-01T24:00:00Z,2025,03,26,2025-03-26 21:07:26,6.077027258798377,2.422426366807931
c863da6ca01b0971cc5f583225667447b0ddcc2e,20201031,9065117.0,222625.0,47486.0,150346357.0,91293,958,2020-10-31T24:00:00Z,2025,03,26,2025-03-26 21:07:26,6.029488961944053,2.4558425445584433
92ade781e6416148c7f0fd49f74f9b7f1ad1fa49,20201030,8973824.0,221667.0,46880.0,148872913.0,97942,947,2020-10-30T24:00:00Z,2025,03,26,2025-03-26 21:07:26,6.027842015827285,2.4701509635134364
68b99161bd498b1e7d498e13ec3b3a40800cbbe2,20201029,8875882.0,220720.0,46191.0,147449787.0,89365,1060,2020-10-29T24:00:00Z,2025,03,26,2025-03-26 21:07:26,6.0195963524857445,2.4867387826922442
690810f65ea704334fa54f0e2d127052e2060562,20201028,8786517.0,219660.0,45214.0,145996613.0,79700,1047,2020-10-28T24:00:00Z,2025,03,26,2025-03-26 21:07:26,6.018301945128001,2.49996671035861
69cdc63c62446f7375f4934a8037a18b95cbefd1,20201027,8706817.0,218613.0,44391.0,144846185.0,72255,922,2020-10-27T24:00:00Z,2025,03,26,2025-03-26 21:07:26,6.011077889279583,2.510825712771958
1ed78bcb5929fa9508f2249cc000616978e8da65,20201026,8634562.0,217691.0,42988.0,143695730.0,63430,397,2020-10-26T24:00:00Z,2025,03,26,2025-03-26 21:07:26,6.008920376409237,2.521158571795535
3f8f83be71014a0b16d48bee4ca835af4f38b10e,20201025,8571132.0,217294.0,41883.0,142564158.0,64471,391,2020-10-25T24:00:00Z,2025,03,26,2025-03-26 21:07:26,6.012122626221382,2.535184384046355
469cea190a115af16080c685ba720a694371ffa9,20201024,8506661.0,216903.0,42087.0,141341796.0,83792,896,2020-10-24T24:00:00Z,2025,03,26,2025-03-26 21:07:26,6.018503543000119,2.5498018552755304
9c4d2c55358cca2e590174ab908e3a64ccc87ad7,20201023,8422869.0,216007.0,41614.0,139971557.0,82575,949,2020-10-23T24:00:00Z,2025,03,26,2025-03-26 21:07:26,6.017557552781955,2.5645299719133705
1641e78cd9588971e62947116ddc711cfdd9efef,20201022,8340294.0,215058.0,41114.0,138527175.0,72273,1094,2020-10-22T24:00:00Z,2025,03,26,2025-03-26 21:07:26,6.020691607982333,2.5785421952751304
3ce69a5bd59a55c23d3a1355ece3c53a1d8bcd51,20201021,8268021.0,213964.0,40397.0,137221407.0,62856,1051,2020-10-21T24:00:00Z,2025,03,26,2025-03-26 21:07:26,6.025314257271827,2.5878502243765467
fb3c824f3bdb25a2e9cc63e4cb7a5939af9cbfbb,20201020,8205165.0,212913.0,39391.0,136165479.0,60574,833,2020-10-20T24:00:00Z,2025,03,26,2025-03-26 21:07:26,6.025877528033371,2.5948655511497942
acf9b7c70cf3739a64c50a4e6536eefb658fb3c9,20201019,8144591.0,212080.0,37976.0,135131125.0,57650,443,2020-10-19T24:00:00Z,2025,03,26,2025-03-26 21:07:26,6.02717619645363,2.603936772270087
e9623194fa2a12b99a244050e509154f4ba65564,20201018,5420657.0,177282.5,51329.0,74752658.0,47957,405,2020-10-18T24:00:00Z,2025,03,26,2025-03-26 21:07:26,7.251457199020267,3.270498391615629
cb8bc2edbca046505d99482d0c07a5999416c738,20201017,8038984.0,211232.0,37474.0,132956086.0,57675,780,2020-10-17T24:00:00Z,2025,03,26,2025-03-26 21:07:26,6.046345257185143,2.62759572602707
edb8a970f7c1dcaf14756e7a74602c175ab36b8f,20201016,7981309.0,210452.0,37479.0,131626988.0,68505,891,2020-10-16T24:00:00Z,2025,03,26,2025-03-26 21:07:26,6.063580973227163,2.6368105783149103
6867eb321540217ac24843b49137ca4b3bf4a917,20201015,7912804.0,209561.0,37423.0,130379681.0,63641,928,2020-10-15T24:00:00Z,2025,03,26,2025-03-26 21:07:26,6.069046909234269,2.648378501476847
6286961ea5f01778c85df2fedb21798f2ecd3a89,20201014,7849163.0,208633.0,37184.0,129196986.0,57240,801,2020-10-14T24:00:00Z,2025,03,26,2025-03-26 21:07:26,6.075345287079684,2.6580286331166776
6fc97d61c38bfe7d1ceb1b0df4c44fe9843b66e8,20201013,7791923.0,207832.0,36171.0,128082565.0,46914,718,2020-10-13T24:00:00Z,2025,03,26,2025-03-26 21:07:26,6.083515738461359,2.6672748177824652
28a7b039fd978d2ea30917c73b62b8d1bb4ba591,20201012,7745009.0,207114.0,35143.0,126997421.0,43248,284,2020-10-12T24:00:00Z,2025,03,26,2025-03-26 21:07:26,6.098556127372067,2.674160869277234
a6af86977566969f49e9557de4d1a9f050069aa6,20201011,7701761.0,206830.0,34610.0,126046938.0,46723,472,2020-10-11T24:00:00Z,2025,03,26,2025-03-26 21:07:26,6.110232523062162,2.6854897211170274
db3e14a96323665366dcdacc4135ff1b0ead78cd,20201010,7655038.0,206358.0,34700.0,124940343.0,57543,690,2020-10-10T24:00:00Z,2025,03,26,2025-03-26 21:07:26,6.12695452580917,2.695714900435504
7aff88bc3760da8df5d9ddbc804bfd015a7c87dc,20201009,7597495.0,205668.0,34973.0,123640600.0,57085,914,2020-10-09T24:00:00Z,2025,03,26,2025-03-26 21:07:26,6.144822170063879,2.7070501527148094
67002312b40c9e5069c407e1e2cc32069c3fde8d,20201008,7540410.0,204754.0,34446.0,122364888.0,55308,979,2020-10-08T24:00:00Z,2025,03,26,2025-03-26 21:07:26,6.162233401463989,2.7154226361696514
793a9cdd3d34251027a6dc256d8dc7c6d35a3f73,20201007,7485102.0,203775.0,33565.0,121139462.0,51216,929,2020-10-07T24:00:00Z,2025,03,26,2025-03-26 21:07:26,6.178913028357349,2.722407790835716
9be4f8807ad805044911a35aca71369ab6595797,20201006,7433886.0,202846.0,32726.0,120057953.0,38846,613,2020-10-06T24:00:00Z,2025,03,26,2025-03-26 21:07:26,6.1919146664111455,2.7286670793714083
b647d8534643987376b91e762f4e64a57312a18f,20201005,5420657.0,177282.5,51329.0,74752658.0,37752,331,2020-10-05T24:00:00Z,2025,03,26,2025-03-26 21:07:26,7.251457199020267,3.270498391615629
2a7d844091a4c1342b46cd0a8265b9babaa6a09e,20201004,7357288.0,201902.0,30063.0,118165830.0,38165,380,2020-10-04T24:00:00Z,2025,03,26,2025-03-26 21:07:26,6.2262398529253336,2.7442448902367285
6fff998f53f12e078bb75744afab15c0c97191d8,20201003,7319123.0,201522.0,30209.0,117139082.0,50874,738,2020-10-03T24:00:00Z,2025,03,26,2025-03-26 21:07:26,6.248233190012535,2.753362663805486
59b4b8322626727fdb47b773bbaf7143a3944603,20201002,7268249.0,200784.0,30880.0,116012554.0,49427,842,2020-10-02T24:00:00Z,2025,03,26,2025-03-26 21:07:26,6.265053866497931,2.7624810322266065
dfeb07e5043e48c051c0fe3531f868a7660ef0a0,20201001,7218822.0,199942.0,30942.0,114796431.0,45720,862,2020-10-01T24:00:00Z,2025,03,26,2025-03-26 21:07:26,6.288367971997317,2.7697316819835702
543439a5028b2088ad7eb5476414dc9d02055052,20200930,7173102.0,199080.0,31021.0,113779459.0,44909,1064,2020-09-30T24:00:00Z,2025,03,26,2025-03-26 21:07:26,6.30439102369084,2.7753683134576925
39193bebb44cf1a7ccf13086bee74acd233d9aef,20200929,7128193.0,198016.0,30601.0,112803037.0,36766,724,2020-09-29T24:00:00Z,2025,03,26,2025-03-26 21:07:26,6.319149900192847,2.777927028631239
03c11e66d017a5f2b8547c4ee685dbfca98dd24e,20200928,7091427.0,197292.0,29696.0,111810999.0,35376,246,2020-09-28T24:00:00Z,2025,03,26,2025-03-26 21:07:26,6.342333995244958,2.782119875167579
3111bcdff6b447080a85eea5ad1b25eff86607a6,20200927,7056051.0,197046.0,29579.0,110819174.0,34990,310,2020-09-27T24:00:00Z,2025,03,26,2025-03-26 21:07:26,6.367175232690328,2.7925818563386233
fb4d4135cab1f3049880dd17bdebd43efc96a487,20200926,7021061.0,196736.0,29670.0,109886423.0,47227,873,2020-09-26T24:00:00Z,2025,03,26,2025-03-26 21:07:26,6.389379878167478,2.8020836167069336
a7b5448b704896b1774f7bae1585b49f9d39d342,20200925,6973834.0,195863.0,29891.0,108749933.0,55278,847,2020-09-25T24:00:00Z,2025,03,26,2025-03-26 21:07:26,6.412724870368426,2.808541184088982
87f6008311bfba7d6c28063f9cc032c16e6462fd,20200924,6918556.0,195016.0,30159.0,107593649.0,43341,938,2020-09-24T24:00:00Z,2025,03,26,2025-03-26 21:07:26,6.430264299336106,2.8187384766416574
3f38dcc908f982ac39c2a4c6c5a0fc7dbaaeda1c,20200923,6875215.0,194078.0,30015.0,106583459.0,39498,1156,2020-09-23T24:00:00Z,2025,03,26,2025-03-26 21:07:26,6.450545951975531,2.822864448602698
ca26b976121406a0100926aea92aa95732fd013f,20200922,6835717.0,192922.0,29645.0,105570092.0,48986,859,2020-09-22T24:00:00Z,2025,03,26,2025-03-26 21:07:26,6.4750507179628105,2.822264292099863
56ca7458c12d66a10828703b963267f7bb1afe7f,20200921,6786731.0,192063.0,28849.0,104652879.0,39162,281,2020-09-21T24:00:00Z,2025,03,26,2025-03-26 21:07:26,6.48499216156299,2.8299780851782694
13ca9774b90aa85f494c3c0c7128a2b0d9f5e22f,20200920,6747569.0,191782.0,28724.0,103902528.0,35533,327,2020-09-20T24:00:00Z,2025,03,26,2025-03-26 21:07:26,6.49413361723018,2.842238441726198
5d722485c8f8bcf2256b448c75faa51da012f48d,20200919,6712036.0,191455.0,29185.0,102908256.0,45668,747,2020-09-19T24:00:00Z,2025,03,26,2025-03-26 21:07:26,6.522349382735629,2.8524131872951815
8809fbbfdb57cbf6619be4e4720ed3e19957d9e4,20200918,6666368.0,190708.0,29651.0,101738314.0,46889,901,2020-09-18T24:00:00Z,2025,03,26,2025-03-26 21:07:26,6.55246557358912,2.860748161517636
4ba7ffc4c353fc4adecc6eab5d2f38e7d3800916,20200917,6619479.0,189807.0,30035.0,100643619.0,43642,880,2020-09-17T24:00:00Z,2025,03,26,2025-03-26 21:07:26,6.577147230764824,2.867400893635285
0322936e628d893c65ff5096c88a4c482d20fab3,20200916,5420657.0,177282.5,51329.0,74752658.0,40319,1190,2020-09-16T24:00:00Z,2025,03,26,2025-03-26 21:07:26,7.251457199020267,3.270498391615629
4111051e1408687d2967f7105f262b13734fa7b5,20200915,5420657.0,177282.5,51329.0,74752658.0,34778,1034,2020-09-15T24:00:00Z,2025,03,26,2025-03-26 21:07:26,7.251457199020267,3.270498391615629
0c04cc1c46f2c1225a2398e3fc7e5e7c5c93ee01,20200914,6500740.0,186703.0,30225.0,97960834.0,33572,407,2020-09-14T24:00:00Z,2025,03,26,2025-03-26 21:07:26,6.636060285072706,2.8720268769401636
cac96e90d42dfd72529fa0dc45399db33034ba3f,20200913,6467168.0,186296.0,30027.0,97139741.0,34579,392,2020-09-13T24:00:00Z,2025,03,26,2025-03-26 21:07:26,6.657592385386327,2.8806426553322875
4a66a052c1fd27e46ddd814c74bef2a4732a5953,20200912,6432589.0,185904.0,30912.0,96347041.0,41850,817,2020-09-12T24:00:00Z,2025,03,26,2025-03-26 21:07:26,6.676478004135072,2.890033857285146
df5942aecdf69193e052f9d882a2f66db630120f,20200911,6390739.0,185087.0,31679.0,95326281.0,44698,1015,2020-09-11T24:00:00Z,2025,03,26,2025-03-26 21:07:26,6.704068314592069,2.8961752310648268
686104f43353d34d6d7d45e857ec61e3a6cab6c3,20200910,6346041.0,184072.0,32535.0,94388706.0,37386,1161,2020-09-10T24:00:00Z,2025,03,26,2025-03-26 21:07:26,6.723305434444668,2.9005800624357767
dc6a4491273af009b1584d1059e0cc53b64cb776,20200909,6308655.0,182911.0,32670.0,93567321.0,30756,1088,2020-09-09T24:00:00Z,2025,03,26,2025-03-26 21:07:26,6.742370020404881,2.8993660296846158
389f101c935fb5f5deda104ecdcd71b60237acc1,20200908,6277899.0,181823.0,32255.0,92816319.0,22310,347,2020-09-08T24:00:00Z,2025,03,26,2025-03-26 21:07:26,6.763787949832399,2.8962396496025185
4033f90dc75f35f4e7188536485c81aeee74b50f,20200907,6255589.0,181476.0,32052.0,92269460.0,28117,227,2020-09-07T24:00:00Z,2025,03,26,2025-03-26 21:07:26,6.779696120471497,2.901021790274265
7a2333f9e8f21f8255cfaf9322d66afb19da642e,20200906,6227472.0,181249.0,32428.0,91598594.0,33033,452,2020-09-06T24:00:00Z,2025,03,26,2025-03-26 21:07:26,6.798654573235044,2.910474748019742
7a6f9748e4f70cb049598e4cb3f41e935cca4387,20200905,6194439.0,180797.0,33626.0,90834029.0,44860,926,2020-09-05T24:00:00Z,2025,03,26,2025-03-26 21:07:26,6.819513642844137,2.9186985294390664
c0a6c0ba6e42d81c55fc6b019d7988183c039ebb,20200904,6149579.0,179871.0,34177.0,89840464.0,51600,999,2020-09-04T24:00:00Z,2025,03,26,2025-03-26 21:07:26,6.844999153165548,2.924931934364938
179d5bd9ff274decd0dd8cd140a25c38f38e8a01,20200903,6097979.0,178872.0,34753.0,88751427.0,44631,1072,2020-09-03T24:00:00Z,2025,03,26,2025-03-26 21:07:26,6.870851777966341,2.933299704705444
71e03e64498df6920760ef8def42aa3d7a5fad1f,20200902,6053348.0,177800.0,35661.0,87841607.0,30667,1035,2020-09-02T24:00:00Z,2025,03,26,2025-03-26 21:07:26,6.891208171999859,2.9372175529971183
8e46bd9281b3d1330efc5e212f58c7827cb56322,20200901,6022681.0,176765.0,35338.0,87045462.0,42242,1014,2020-09-01T24:00:00Z,2025,03,26,2025-03-26 21:07:26,6.91900630040886,2.9349885873085424
92225753c5bd18bf9500aa07547714545430ef42,20200831,5980439.0,175751.0,35476.0,86248932.0,31720,380,2020-08-31T24:00:00Z,2025,03,26,2025-03-26 21:07:26,6.933928178959943,2.9387641944011134
12f653fb442b4355c6117973923eee757ed6faf6,20200830,5948719.0,175371.0,35770.0,85568283.0,38766,477,2020-08-30T24:00:00Z,2025,03,26,2025-03-26 21:07:26,6.952013983966465,2.9480464617676514
65ed9b40401dfcf09b2e15f5d766dbead9d127dd,20200829,5909953.0,174894.0,36516.0,84744931.0,43995,1017,2020-08-29T24:00:00Z,2025,03,26,2025-03-26 21:07:26,6.973812982395372,2.9593128744001858
d526021ffccb14df68f1a89a0db8ae15b7260b35,20200828,5865958.0,173877.0,37356.0,83797844.0,46115,1020,2020-08-28T24:00:00Z,2025,03,26,2025-03-26 21:07:26,7.000129979477753,2.964170558329944
c6512aab6069d528d9bb0a0bb5e4789fac0ce1cc,20200827,5819843.0,172857.0,37498.0,82859379.0,44111,1128,2020-08-27T24:00:00Z,2025,03,26,2025-03-26 21:07:26,7.023758891555294,2.970131668500336
56da79a79122d16236e6aee09378b3f7cab3a856,20200826,5775732.0,171729.0,38515.0,82001802.0,44331,1300,2020-08-26T24:00:00Z,2025,03,26,2025-03-26 21:07:26,7.043420826288671,2.973285464076242
ff56735a3152b150f77594a93a4220a9ceb91efc,20200825,5731401.0,170429.0,38831.0,81229134.0,36839,1140,2020-08-25T24:00:00Z,2025,03,26,2025-03-26 21:07:26,7.055844027587442,2.973601044491565
98f357592adc85187e1d12b82970e0b9cc8a1148,20200824,5420657.0,177282.5,51329.0,74752658.0,34543,341,2020-08-24T24:00:00Z,2025,03,26,2025-03-26 21:07:26,7.251457199020267,3.270498391615629
14196cb34b11440a31c67161a8c49235927ae05a,20200823,5660019.0,168948.0,39064.0,79770311.0,37900,577,2020-08-23T24:00:00Z,2025,03,26,2025-03-26 21:07:26,7.09539542850723,2.984936976359973
9b0323c0a6337802ccf9420d65f968c76a08491d,20200822,5622119.0,168371.0,40017.0,79044593.0,46033,1035,2020-08-22T24:00:00Z,2025,03,26,2025-03-26 21:07:26,7.1125914962962735,2.994796090228613
42b1b5c0188abf9960fce77c9e52ad60a398f7b1,20200821,5576086.0,167336.0,41052.0,78136411.0,46477,1119,2020-08-21T24:00:00Z,2025,03,26,2025-03-26 21:07:26,7.136347739340114,3.000958019657516
212f72ef7a0230b66f3c793a2fef7a2bf9e14ff3,20200820,5529609.0,166217.0,42109.0,77220977.0,43844,1129,2020-08-20T24:00:00Z,2025,03,26,2025-03-26 21:07:26,7.16076021674784,3.0059449049652516
852a648ace5453f4e2056e345eb7c847034a1ca1,20200819,5485765.0,165088.0,43406.0,76356767.0,45073,1411,2020-08-19T24:00:00Z,2025,03,26,2025-03-26 21:07:26,7.184386159251608,3.009388845493746
8b1e47a5a96e5004c9bc918bb1120ecf16b521b4,20200818,5440692.0,163677.0,43840.0,75524652.0,40070,1179,2020-08-18T24:00:00Z,2025,03,26,2025-03-26 21:07:26,7.2038623891971065,3.0083856979957697
132d7a368df0a197bece55b8cb6a28e7886ffe7a,20200817,5400622.0,162498.0,43614.0,74752658.0,37751,411,2020-08-17T24:00:00Z,2025,03,26,2025-03-26 21:07:26,7.224655476464796,3.0088756443239313
ec5cad6aca5cd94095fa6bb7bc940338b4dc484e,20200816,5362871.0,162087.0,44155.0,74050076.0,42503,617,2020-08-16T24:00:00Z,2025,03,26,2025-03-26 21:07:26,7.242222141676128,3.022392296961833
c2cfcaf33e8dc4118fe45b494f1c14c06c37ea21,20200815,5320368.0,161470.0,44922.0,73264876.0,56003,1227,2020-08-15T24:00:00Z,2025,03,26,2025-03-26 21:07:26,7.261826253551565,3.0349404402101507
54b5ed0fc874afc927e56e5c689e9b1f93c58dd9,20200814,5264365.0,160243.0,45868.0,72371796.0,57144,1226,2020-08-14T24:00:00Z,2025,03,26,2025-03-26 21:07:26,7.274056042494786,3.0439188772055132
45e199ee643170b667332f3089ad4d587d776625,20200813,5207221.0,159017.0,47303.0,71381071.0,51763,1163,2020-08-13T24:00:00Z,2025,03,26,2025-03-26 21:07:26,7.294960592563819,3.0537785893857783
6b823e6138143958993de622f23e7d4011e62d6f,20200812,5155458.0,157854.0,48067.0,70426659.0,56186,1517,2020-08-12T24:00:00Z,2025,03,26,2025-03-26 21:07:26,7.32032169806607,3.0618812140453864
2bf4b71e286647a8c9a428099407dc214eecda5d,20200811,5420657.0,177282.5,51329.0,74752658.0,54935,1320,2020-08-11T24:00:00Z,2025,03,26,2025-03-26 21:07:26,7.251457199020267,3.270498391615629
1ef3e9b83ca52f8c42331203f9a38f1ea38b0a04,20200810,5044337.0,155017.0,48751.0,68767680.0,41370,430,2020-08-10T24:00:00Z,2025,03,26,2025-03-26 21:07:26,7.335331074132499,3.0730896845313866
b8aba70e1498384fc0421830e8a1f0bc3367efaa,20200809,5420657.0,177282.5,51329.0,74752658.0,50766,621,2020-08-09T24:00:00Z,2025,03,26,2025-03-26 21:07:26,7.251457199020267,3.270498391615629
8a3a296e67bc076e13f8b22d64456ebc9dd3c46b,20200808,4952201.0,153966.0,50071.0,67222764.0,53492,1086,2020-08-08T24:00:00Z,2025,03,26,2025-03-26 21:07:26,7.366851205344665,3.1090418179714434
384f5f824240fde6c7328f0e4422e93fdfc35212,20200807,4898709.0,152880.0,51329.0,66432950.0,60837,1322,2020-08-07T24:00:00Z,2025,03,26,2025-03-26 21:07:26,7.373914601112852,3.1208222411251616
b57c5c8daab2f92664c2ee36f9118d30ca046aea,20200806,4837872.0,151558.0,53220.0,65542524.0,54045,1242,2020-08-06T24:00:00Z,2025,03,26,2025-03-26 21:07:26,7.381272042559727,3.132741006789762
8e746e72764e113997c66e3216429578b6182ff7,20200805,4783827.0,150316.0,53432.0,64693837.0,52691,1354,2020-08-05T24:00:00Z,2025,03,26,2025-03-26 21:07:26,7.394563720188679,3.1421704840078877
9fe10547fd655c60ff3aca2f6df1484a388da08a,20200804,4731136.0,148962.0,53436.0,63876973.0,51205,1242,2020-08-04T24:00:00Z,2025,03,26,2025-03-26 21:07:26,7.4066377566137955,3.1485461419836587
554f5ebc06a5399de8f15b01227bf58e725bf184,20200803,4679931.0,147720.0,53516.0,63070280.0,42743,516,2020-08-03T24:00:00Z,2025,03,26,2025-03-26 21:07:26,7.420184276968486,3.15645679391427
ba6d97023672c28e644ae945598f47c7b9a033ec,20200802,4637188.0,147204.0,54108.0,62358196.0,53322,496,2020-08-02T24:00:00Z,2025,03,26,2025-03-26 21:07:26,7.436372918806054,3.1744238102919273
2c0c9d536c3c80223e77c588a254b5a8cb8638e5,20200801,5420657.0,177282.5,51329.0,74752658.0,60640,1201,2020-08-01T24:00:00Z,2025,03,26,2025-03-26 21:07:26,7.251457199020267,3.270498391615629
14038dd292534be2103033ffae99afaab5b5c18b,20200731,4523226.0,145507.0,55718.0,60749939.0,67835,1324,2020-07-31T24:00:00Z,2025,03,26,2025-03-26 21:07:26,7.445646982460344,3.216885470679555
27ec4cffab88221ef09be1e378374057ad160dc7,20200730,4455391.0,144183.0,56570.0,59761475.0,68979,1250,2020-07-30T24:00:00Z,2025,03,26,2025-03-26 21:07:26,7.455289548994566,3.2361469509634504
718071ce053d069fb6d7845f6dd4eaaaba3ad0b1,20200729,4386412.0,142933.0,57423.0,58873793.0,64156,1505,2020-07-29T24:00:00Z,2025,03,26,2025-03-26 21:07:26,7.450534060205702,3.258540237442356
4e2db16fbf6484758e82b74b55175b33f56fc156,20200728,4322256.0,141428.0,57185.0,57965096.0,58452,1111,2020-07-28T24:00:00Z,2025,03,26,2025-03-26 21:07:26,7.4566528795190825,3.272087539470129
b77ea32d8098154908107a15638f4ec0aad200cf,20200727,4263804.0,140317.0,58987.0,57122702.0,54484,1066,2020-07-27T24:00:00Z,2025,03,26,2025-03-26 21:07:26,7.464289766965155,3.2908876674443763
c78f7766495b8fc8746a718ef28cf6e122e01e95,20200726,4209320.0,139251.0,58731.0,56353715.0,60768,561,2020-07-26T24:00:00Z,2025,03,26,2025-03-26 21:07:26,7.46946319333162,3.308159037564262
1650808f0f818a23bc583becabc3ff4a0835e09f,20200725,4148552.0,138690.0,59382.0,55494536.0,64788,1012,2020-07-25T24:00:00Z,2025,03,26,2025-03-26 21:07:26,7.475604445093477,3.34309416876057
882872243fcd28e81a630d29dd2bc8d21d35d52c,20200724,4083764.0,137678.0,59801.0,54612147.0,75095,1174,2020-07-24T24:00:00Z,2025,03,26,2025-03-26 21:07:26,7.477757649777073,3.371350548170756
5b06bae1e4c4a60a35c2838300117567a44b5d3f,20200723,4008669.0,136504.0,59862.0,53604476.0,71426,1071,2020-07-23T24:00:00Z,2025,03,26,2025-03-26 21:07:26,7.478235586147694,3.4052200368750825
0e8c630e638241853f11e8934ce04d06f71c066c,20200722,3937243.0,135433.0,59759.0,52673818.0,69442,1149,2020-07-22T24:00:00Z,2025,03,26,2025-03-26 21:07:26,7.474762888841663,3.4397927686962677
ea148dab1ca197f6bec0a02f20a686d3d98206f6,20200721,3867801.0,134284.0,59479.0,51773355.0,62887,1043,2020-07-21T24:00:00Z,2025,03,26,2025-03-26 21:07:26,7.470640061861937,3.471843561755116
cbc678f556192937ae37b3393cd498b0ad006e9a,20200720,3804914.0,133241.0,58521.0,50939789.0,56709,376,2020-07-20T24:00:00Z,2025,03,26,2025-03-26 21:07:26,7.469434158826218,3.5018137072217668
1337710b37cb83dc8591c0ce32448c6d25d091a5,20200719,3748205.0,132865.0,58052.0,50202582.0,64207,526,2020-07-19T24:00:00Z,2025,03,26,2025-03-26 21:07:26,7.466159808274403,3.5447634267602757
471efd165c59abe383d325a93df39fd62b8be872,20200718,3683998.0,132339.0,57818.0,49413069.0,64773,877,2020-07-18T24:00:00Z,2025,03,26,2025-03-26 21:07:26,7.4555134391672775,3.592265793846794
1bf55ed00ff48473c513e615c8cb8f386ca9c100,20200717,3619225.0,131462.0,57871.0,48543401.0,76498,938,2020-07-17T24:00:00Z,2025,03,26,2025-03-26 21:07:26,7.455647782074437,3.632324599879808
b12b4c27f74ddd2d799ff114f56524f925e6df01,20200716,3542727.0,130524.0,57600.0,47599869.0,70493,940,2020-07-16T24:00:00Z,2025,03,26,2025-03-26 21:07:26,7.442724264640309,3.6842804991747884
18b2531aebaf5cc8c7f91b6b8095afca33d08e2c,20200715,3472234.0,129584.0,56341.0,46651869.0,69372,864,2020-07-15T24:00:00Z,2025,03,26,2025-03-26 21:07:26,7.442861506791935,3.732006541033813
62baa5228b801286d5b26abe8e0b19d782a982e2,20200714,3402862.0,128720.0,55677.0,45737905.0,58618,742,2020-07-14T24:00:00Z,2025,03,26,2025-03-26 21:07:26,7.439916629325283,3.7826982110940732
5aa0cc5a652196d9e28fbcd2181957da47faa15d,20200713,3344244.0,127978.0,54120.0,44902630.0,57144,329,2020-07-13T24:00:00Z,2025,03,26,2025-03-26 21:07:26,7.447768649631435,3.826814072178944
cd579e5ac3845b5424c48c9af3c3e5198ff0850a,20200712,3287100.0,127649.0,52860.0,44137934.0,61602,471,2020-07-12T24:00:00Z,2025,03,26,2025-03-26 21:07:26,7.447335437132151,3.8833318122357094
098ae934c0b1d6778d21a320a809d2dd19a71000,20200711,3225498.0,127178.0,51984.0,43340994.0,62584,753,2020-07-11T24:00:00Z,2025,03,26,2025-03-26 21:07:26,7.442141266995399,3.9428950196217762
2b37300b4988c927b1c00f5acd5df1d13dd3e375,20200710,3162914.0,126425.0,51720.0,42504967.0,67108,841,2020-07-10T24:00:00Z,2025,03,26,2025-03-26 21:07:26,7.441280921356791,3.997105201089881
4167ab6efb023803d2275815e59a59308e1c4c94,20200709,3095806.0,125584.0,44053.0,41592369.0,59063,862,2020-07-09T24:00:00Z,2025,03,26,2025-03-26 21:07:26,7.443206709384599,4.056584941046047
87e70def2acb4d707dc3cfaa84590c25309e052d,20200708,3036743.0,124722.0,43205.0,40745821.0,62815,819,2020-07-08T24:00:00Z,2025,03,26,2025-03-26 21:07:26,7.452894371670656,4.1070976371724575
022ed7441ed2d0fe9cb42093e6623e184ce7b745,20200707,2973928.0,123903.0,41948.0,39965243.0,50991,906,2020-07-07T24:00:00Z,2025,03,26,2025-03-26 21:07:26,7.441285919367487,4.16630799400658
9361007bf03d9b47758de34a7cb3645faa4c00ed,20200706,2922937.0,122997.0,39960.0,39223210.0,40902,233,2020-07-06T24:00:00Z,2025,03,26,2025-03-26 21:07:26,7.452059635098708,4.207993535269491
77ab7f49da2f20fe8842d84f54971e28f8264d6b,20200705,2882035.0,122764.0,38872.0,38572381.0,45374,214,2020-07-05T24:00:00Z,2025,03,26,2025-03-26 21:07:26,7.47175809551399,4.2596290468366975
d1fcc02991388c25314e09949678db4286c46ba8,20200704,2836661.0,122550.0,38281.0,37951782.0,54846,295,2020-07-04T24:00:00Z,2025,03,26,2025-03-26 21:07:26,7.474381571858733,4.320220146150703
e485f2c6e7611e78bcfe4256ab6283fb6af4e7cc,20200703,2781815.0,122255.0,37921.0,37263322.0,54214,602,2020-07-03T24:00:00Z,2025,03,26,2025-03-26 21:07:26,7.465289863313851,4.394792608422918
a670fb374de64159a5d03b9fbb6b219d84b18129,20200702,2727601.0,121653.0,37645.0,36467032.0,53511,699,2020-07-02T24:00:00Z,2025,03,26,2025-03-26 21:07:26,7.479635304567698,4.4600731558611395
c0aa6edfe6a090f8f7d36da29b2197e808948205,20200701,2674090.0,120954.0,36521.0,35694133.0,51044,696,2020-07-01T24:00:00Z,2025,03,26,2025-03-26 21:07:26,7.491679374870934,4.523183587687774
1d0abec4c6c261a619ade7f0a4da2703b3ea871e,20200630,2623046.0,120258.0,35340.0,34962460.0,47032,583,2020-06-30T24:00:00Z,2025,03,26,2025-03-26 21:07:26,7.50246407146408,4.584669883791593
a8f1da48901fe1a9cf25816fd06b586ae0a2b1e4,20200629,2576014.0,119675.0,33742.0,34250200.0,39368,336,2020-06-29T24:00:00Z,2025,03,26,2025-03-26 21:07:26,7.521164839913344,4.64574338493502
5ef9e0237131bab9da8bece83cbf283f4a80ab84,20200628,2536646.0,119339.0,32577.0,33588826.0,41729,271,2020-06-28T24:00:00Z,2025,03,26,2025-03-26 21:07:26,7.552053173873954,4.7045981189334265
ad0797f71af908816845e4aa4339300a59867b52,20200627,2494917.0,119068.0,32569.0,32977206.0,43104,510,2020-06-27T24:00:00Z,2025,03,26,2025-03-26 21:07:26,7.5655802981004525,4.7724232910353335
91e56214c05abcbbf7d536fd147cbc4281bb3043,20200626,2451813.0,118558.0,31850.0,32253713.0,44300,608,2020-06-26T24:00:00Z,2025,03,26,2025-03-26 21:07:26,7.601645739205281,4.835523753238929
13a28bd01d27e1a460db0a53d0d4eb5f070a556b,20200625,2407513.0,117950.0,31920.0,31515845.0,39720,654,2020-06-25T24:00:00Z,2025,03,26,2025-03-26 21:07:26,7.639055846352842,4.899246649966169
1b332a9a3b4631df8e6045e65e6be517989e266e,20200624,2367793.0,117296.0,31268.0,30803050.0,39131,704,2020-06-24T24:00:00Z,2025,03,26,2025-03-26 21:07:26,7.686878409767864,4.953811418481261
841f90ed2aa630441e823ff4f52eb42554a82465,20200623,2328662.0,116592.0,30352.0,30184889.0,33446,728,2020-06-23T24:00:00Z,2025,03,26,2025-03-26 21:07:26,7.714661465211947,5.0068236609692605
0307e66e930d932ee2e6fef63acc9a29fa189c02,20200622,2295216.0,115864.0,28962.0,29513091.0,26817,288,2020-06-22T24:00:00Z,2025,03,26,2025-03-26 21:07:26,7.776942103421157,5.048065192992729
59eb7ddd0d49a1bdd7fe40f8f7d94a33082f9d15,20200621,2268399.0,115576.0,28325.0,29013836.0,29182,291,2020-06-21T24:00:00Z,2025,03,26,2025-03-26 21:07:26,7.818335362480163,5.095047211711873
4e18ceead659429af50754e4e5ae3c0d6d2a7207,20200620,2239217.0,115285.0,28078.0,28509152.0,32232,611,2020-06-20T24:00:00Z,2025,03,26,2025-03-26 21:07:26,7.854379533982632,5.148451445304318
391c6e9562f2b5e218fb16cdc5fbe1394fa55f3a,20200619,2206985.0,114674.0,28698.0,27898483.0,30887,657,2020-06-19T24:00:00Z,2025,03,26,2025-03-26 21:07:26,7.910770632223982,5.195957380770599
1b808e2935ddb9684ce5a98aa1a9540cadcf22c3,20200618,2176098.0,114017.0,28538.0,27234446.0,26984,679,2020-06-18T24:00:00Z,2025,03,26,2025-03-26 21:07:26,7.990241475813386,5.239515867392002
f01f2f502da19673d9b51ff5a48c2531a6fc0432,20200617,2149114.0,113338.0,28641.0,26672171.0,24206,778,2020-06-17T24:00:00Z,2025,03,26,2025-03-26 21:07:26,8.057514328323705,5.273708142052957
ee1d6d91184cb6a19a626c3b4f6d4d98471c8d00,20200616,2124908.0,112560.0,28363.0,26109065.0,22857,726,2020-06-16T24:00:00Z,2025,03,26,2025-03-26 21:07:26,8.138583285154025,5.297170512793966
6bc8855a3bb72e122b7fa8c259236f19e4a10ed3,20200615,2102051.0,111834.0,28034.0,25609037.0,18236,383,2020-06-15T24:00:00Z,2025,03,26,2025-03-26 21:07:26,8.208239146204521,5.320232477708676
baa7a982e133f0cc43287ddaaaa703465d0e4799,20200614,2083815.0,111451.0,28012.0,25161891.0,21629,354,2020-06-14T24:00:00Z,2025,03,26,2025-03-26 21:07:26,8.281631138136637,5.34841144727339
9a4e967d33c7c4cb2b739e31833d8ce8580b74c1,20200613,2062186.0,111097.0,28572.0,24686939.0,25459,690,2020-06-13T24:00:00Z,2025,03,26,2025-03-26 21:07:26,8.353348302922448,5.3873413940352615
1c7a5ba6481662191db41324d07917134a2d8c45,20200612,2036727.0,110407.0,29309.0,24141524.0,23152,766,2020-06-12T24:00:00Z,2025,03,26,2025-03-26 21:07:26,8.436613198073161,5.4208050465280815
5912c667e8a305e2a83b6b66544c4fc0d84ee506,20200611,2013575.0,109641.0,29842.0,23518533.0,21976,896,2020-06-11T24:00:00Z,2025,03,26,2025-03-26 21:07:26,8.561652208494467,5.445091441838521
e6c63953fae02b068d05a61878aa8e0d830dec1c,20200610,1991599.0,108745.0,30962.0,23033757.0,20873,892,2020-06-10T24:00:00Z,2025,03,26,2025-03-26 21:07:26,8.646435750798274,5.460185509231527
622ca55aa226b2d79037fcb14a03996f8f5331ce,20200609,5420657.0,177282.5,51329.0,74752658.0,16933,894,2020-06-09T24:00:00Z,2025,03,26,2025-03-26 21:07:26,7.251457199020267,3.270498391615629
8bf393b511f562e57f981e9ad33fa5be8d7598b0,20200608,1953793.0,106959.0,31097.0,22095000.0,16935,672,2020-06-08T24:00:00Z,2025,03,26,2025-03-26 21:07:26,8.842692916949536,5.474428457876551
bebf77dcf5b245f1badf8ced38749a0b1a38a570,20200607,1936858.0,106287.0,31492.0,21689602.0,19080,450,2020-06-07T24:00:00Z,2025,03,26,2025-03-26 21:07:26,8.929891844027383,5.4875989876387425
c6953d180b2f88d03d765546e47ae54c8b4f7885,20200606,5420657.0,177282.5,51329.0,74752658.0,22669,709,2020-06-06T24:00:00Z,2025,03,26,2025-03-26 21:07:26,7.251457199020267,3.270498391615629
d3fe2286a8a0a5ff091d98f938ce0b626b07c5b1,20200605,1895109.0,105128.0,32505.0,20694440.0,23046,832,2020-06-05T24:00:00Z,2025,03,26,2025-03-26 21:07:26,9.157575658002825,5.547332633637432
2325fedcce4cdf185e30ca313974c4a9f5d8bee4,20200604,1872063.0,104296.0,32800.0,20073056.0,20512,882,2020-06-04T24:00:00Z,2025,03,26,2025-03-26 21:07:26,9.326248081009687,5.571180029731906
a79aa8721a29997d0de851c15bd9780bc67e7f4e,20200603,1851551.0,103414.0,33218.0,19575261.0,20164,973,2020-06-03T24:00:00Z,2025,03,26,2025-03-26 21:07:26,9.45862739710086,5.585263381889022
ab032575fd5810b3b148bd0020ab390159e69b09,20200602,5420657.0,177282.5,51329.0,74752658.0,19909,982,2020-06-02T24:00:00Z,2025,03,26,2025-03-26 21:07:26,7.251457199020267,3.270498391615629
a686ef7be52efe987958010513e133c971b1b710,20200601,1811478.0,101459.0,34327.0,18619336.0,20029,676,2020-06-01T24:00:00Z,2025,03,26,2025-03-26 21:07:26,9.72901504113788,5.600896063877121
e7cc4fe5ba38c4a9cacd0b0417809f629eabb21d,20200531,1791449.0,100783.0,34914.0,18199782.0,21694,654,2020-05-31T24:00:00Z,2025,03,26,2025-03-26 21:07:26,9.84324427622265,5.625781141411227
ef19af00848949bc8437ecb7a2c217d1b78f7a05,20200530,1769755.0,100129.0,35761.0,17770642.0,23543,921,2020-05-30T24:00:00Z,2025,03,26,2025-03-26 21:07:26,9.958869240627322,5.657788789973753
91b445fd613071315c0b350b74878062dd7f43d8,20200529,1746212.0,99208.0,36937.0,17286436.0,23624,1171,2020-05-29T24:00:00Z,2025,03,26,2025-03-26 21:07:26,10.101631128591226,5.681326207814401
2d183549275a2889c94f0d3de9d3df207d983ca9,20200528,1722588.0,98037.0,38005.0,16779172.0,22844,1235,2020-05-28T24:00:00Z,2025,03,26,2025-03-26 21:07:26,10.266227677980773,5.691262217082669
1d48751e239a68f66b3f06cd5039935cb6b5c5ed,20200527,1699744.0,96802.0,38314.0,16284314.0,19193,1340,2020-05-27T24:00:00Z,2025,03,26,2025-03-26 21:07:26,10.437922039577472,5.695092908108515
2fe388264ba2ff6cf874acfd875b0d4b4c5edf5b,20200526,1680551.0,95462.0,37751.0,15868391.0,16676,668,2020-05-26T24:00:00Z,2025,03,26,2025-03-26 21:07:26,10.590557038832733,5.680398869180406
31b4ab7afb8168b651ac73536c93c757eb9a7dbd,20200525,1663875.0,94794.0,37702.0,15552732.0,18543,556,2020-05-25T24:00:00Z,2025,03,26,2025-03-26 21:07:26,10.698281176580423,5.697182781158441
094aa1af2c49ad12475f31582ff8e2677aef3ef3,20200524,1645332.0,94238.0,37741.0,15143981.0,19122,689,2020-05-24T24:00:00Z,2025,03,26,2025-03-26 21:07:26,10.86459366265713,5.7275978343580505
3616ad7ad5adcc43cefd4d722cb1603c4eea1113,20200523,1626210.0,93549.0,38625.0,14753262.0,22482,1035,2020-05-23T24:00:00Z,2025,03,26,2025-03-26 21:07:26,11.022714840961951,5.7525780803217295
6c57c9eba7e04990aceb7ac6b03efa03ccdd7e01,20200522,1603728.0,92514.0,39999.0,14308688.0,24127,1286,2020-05-22T24:00:00Z,2025,03,26,2025-03-26 21:07:26,11.208071627531469,5.7686839663583855
b0906bf8e5a7ce60c0efccc38d0653efe2750daa,20200521,1579601.0,91228.0,41353.0,13857260.0,26751,1381,2020-05-21T24:00:00Z,2025,03,26,2025-03-26 21:07:26,11.399086110818445,5.775382517483846
e3fe6ec182cdf3e5c2c0d090dfbb5ce88629b78f,20200520,1552850.0,89847.0,41854.0,13357917.0,21371,1395,2020-05-20T24:00:00Z,2025,03,26,2025-03-26 21:07:26,11.62494122399473,5.785941977653991
05d7578772a7b583bdd707d9e8a4290302a6d1e6,20200519,1531479.0,88452.0,42019.0,12908521.0,20700,1327,2020-05-19T24:00:00Z,2025,03,26,2025-03-26 21:07:26,11.864093492972588,5.775593396971163
88cac96425fc388247d8527a62e1c11627edbbcc,20200518,1510779.0,87125.0,41935.0,12485861.0,20613,853,2020-05-18T24:00:00Z,2025,03,26,2025-03-26 21:07:26,12.099918459768213,5.766892444229103
2f579fe7e7cbb420fe8b4c82970b50a82577e1b4,20200517,1490166.0,86272.0,42018.0,12137194.0,20384,862,2020-05-17T24:00:00Z,2025,03,26,2025-03-26 21:07:26,12.277681315796714,5.789422118072752
33c19d1380bb6d8fb3a6944cecd4ff2fd0443136,20200516,1469782.0,85410.0,43520.0,11785273.0,23835,1249,2020-05-16T24:00:00Z,2025,03,26,2025-03-26 21:07:26,12.471344533130459,5.811065858746399
1960689f67d46d0e0d1f1180eeff7a5f010c2ea8,20200515,1445947.0,84161.0,44553.0,11390849.0,25407,1537,2020-05-15T24:00:00Z,2025,03,26,2025-03-26 21:07:26,12.693935280855712,5.820476130867867
38e93738046a3ad43198301ac7baf9ea81a46dec,20200514,1420540.0,82624.0,45912.0,10984434.0,26796,1846,2020-05-14T24:00:00Z,2025,03,26,2025-03-26 21:07:26,12.932300380702365,5.816379686598054
ec4dd9adf88efd725715f5d2c7c706f8c1300b82,20200513,1393744.0,80778.0,46926.0,10595648.0,21481,1729,2020-05-13T24:00:00Z,2025,03,26,2025-03-26 21:07:26,13.153928858338821,5.795755892043302
d756164c2fea3a52b34ac8ce754a4b9b48755b56,20200512,1372263.0,79049.0,47347.0,10249433.0,22521,1518,2020-05-12T24:00:00Z,2025,03,26,2025-03-26 21:07:26,13.388672329483983,5.760484688430716
08cbc60055885cf61c67f0ccb8b137f36d568cd8,20200511,1349742.0,77531.0,46554.0,9908609.0,18080,889,2020-05-11T24:00:00Z,2025,03,26,2025-03-26 21:07:26,13.621912016106396,5.744134805021997
f57efc9e7e57c6da8493819fc4fe5df4b8d4dd91,20200510,1331662.0,76642.0,46741.0,9534395.0,21112,1027,2020-05-10T24:00:00Z,2025,03,26,2025-03-26 21:07:26,13.966927109690758,5.755364349211737
59928a11b3025c5d0731fbd9778499178924145a,20200509,1310550.0,75615.0,48576.0,9260131.0,25280,1459,2020-05-09T24:00:00Z,2025,03,26,2025-03-26 21:07:26,14.152607560303412,5.769715005150509
30443451b5a7069d5a17bacbb56490ae0cf4daa1,20200508,1285270.0,74156.0,49769.0,8936236.0,27198,1788,2020-05-08T24:00:00Z,2025,03,26,2025-03-26 21:07:26,14.38267744943173,5.769682634777128
336f6ce8d7980c150f28b3006ea990cd9a3ad9e3,20200507,1258072.0,72368.0,51445.0,8623256.0,27228,2732,2020-05-07T24:00:00Z,2025,03,26,2025-03-26 21:07:26,14.589292026120992,5.752293986353722
9bb52e41a6d7dce6b618ecb1ac774a95e1d12b3e,20200506,5420657.0,177282.5,51329.0,74752658.0,25312,1931,2020-05-06T24:00:00Z,2025,03,26,2025-03-26 21:07:26,7.251457199020267,3.270498391615629
77ef9241c6f6085173f4f31992eee2071ffb9b73,20200505,1205532.0,67705.0,53168.0,7999931.0,22392,2496,2020-05-05T24:00:00Z,2025,03,26,2025-03-26 21:07:26,15.069279972539762,5.616192685055229
ce385412d41e0e2e27c7312c003df74ca4c3a4d3,20200504,1183140.0,65209.0,52375.0,7720150.0,22106,983,2020-05-04T24:00:00Z,2025,03,26,2025-03-26 21:07:26,15.325349896051243,5.511520192031375
6154e6c23f2b533a17862630859ffd2760e6c57d,20200503,1161034.0,64226.0,52623.0,7483965.0,25759,1247,2020-05-03T24:00:00Z,2025,03,26,2025-03-26 21:07:26,15.513621456006273,5.53179321191283
dabc8fb5e0128fe0e7929f1b1b375e755276ef36,20200502,1135275.0,62979.0,54008.0,7244219.0,29151,1521,2020-05-02T24:00:00Z,2025,03,26,2025-03-26 21:07:26,15.671461616497236,5.54746647288102
080bbc8fa542224aa52356324b6001740c977219,20200501,1106124.0,61458.0,54888.0,6971878.0,32880,1812,2020-05-01T24:00:00Z,2025,03,26,2025-03-26 21:07:26,15.865509981672082,5.556158260737494
22c4a76b6e568a8c7a4c9609321f5218cd8f7fa0,20200430,1073244.0,59646.0,54910.0,6686214.0,30063,2153,2020-04-30T24:00:00Z,2025,03,26,2025-03-26 21:07:26,16.051595117954644,5.557543298634793
126189b1267960ed42ebc0bbf58053aec4e73691,20200429,5420657.0,177282.5,51329.0,74752658.0,26179,2689,2020-04-29T24:00:00Z,2025,03,26,2025-03-26 21:07:26,7.251457199020267,3.270498391615629
f69a5f06fc5f662fe182247ede9bd4e80ebe0814,20200428,1017002.0,54804.0,56041.0,6153837.0,25232,2078,2020-04-28T24:00:00Z,2025,03,26,2025-03-26 21:07:26,16.526307082881786,5.388779963067919
4b9a093bb8001765be49555a2c9fac96b162b16f,20200427,991770.0,52726.0,56181.0,5937237.0,22404,1274,2020-04-27T24:00:00Z,2025,03,26,2025-03-26 21:07:26,16.70423464651992,5.316353590046079
c35c70faffc09a5eefd62d43bab047ee7c873d8b,20200426,969366.0,51452.0,56167.0,5742682.0,27324,1212,2020-04-26T24:00:00Z,2025,03,26,2025-03-26 21:07:26,16.880022261375434,5.307799118186526
4cb993bc458038519517b1f6788647bcff84abdb,20200425,942042.0,50240.0,57346.0,5537087.0,40697,1634,2020-04-25T24:00:00Z,2025,03,26,2025-03-26 21:07:26,17.013314040397056,5.333095552002989
67d752d52406da3797ebd1349acea77b13088f5f,20200424,901345.0,48606.0,57367.0,5261263.0,31217,1973,2020-04-24T24:00:00Z,2025,03,26,2025-03-26 21:07:26,17.131722934208003,5.3926077140273705
87500d13157170a21c6b4f1424d70b5c259857e5,20200423,5420657.0,177282.5,51329.0,74752658.0,31938,1806,2020-04-23T24:00:00Z,2025,03,26,2025-03-26 21:07:26,7.251457199020267,3.270498391615629
9ea15321df00da85092b908dd9b4087ccb64b321,20200422,838190.0,44827.0,59204.0,4797247.0,29273,2150,2020-04-22T24:00:00Z,2025,03,26,2025-03-26 21:07:26,17.47231276605103,5.348071439649722
63a6b86de0682e582e307ef088ce75a980fd1d84,20200421,808917.0,42677.0,59795.0,4462056.0,27354,2478,2020-04-21T24:00:00Z,2025,03,26,2025-03-26 21:07:26,18.12879533560314,5.275819398034656
5fc94d6cfb4f7f3308e2a618b4b0decfa2f7dcd8,20200420,781563.0,40199.0,56720.0,4295090.0,24376,1814,2020-04-20T24:00:00Z,2025,03,26,2025-03-26 21:07:26,18.196661769602034,5.1434113436792686
77472581a40f0fe732e6ca000b4d4482ff25d145,20200419,5420657.0,177282.5,51329.0,74752658.0,26930,1765,2020-04-19T24:00:00Z,2025,03,26,2025-03-26 21:07:26,7.251457199020267,3.270498391615629
1b9e9bbf9a46bccbad932b07e4db90aecee53991,20200418,730257.0,36620.0,57798.0,4002132.0,27573,1896,2020-04-18T24:00:00Z,2025,03,26,2025-03-26 21:07:26,18.24669950916162,5.01467291652117
5f484b5054b4ed5e543e479136d5a2febc6530cf,20200417,702684.0,34724.0,58904.0,3829651.0,31500,2116,2020-04-17T24:00:00Z,2025,03,26,2025-03-26 21:07:26,18.34851269737112,4.941623830911192
1a67b7cab077219d67c6557cfb738e39726ee5ff,20200416,671184.0,32608.0,59500.0,3657502.0,31266,2196,2020-04-16T24:00:00Z,2025,03,26,2025-03-26 21:07:26,18.350885385708608,4.858280292736418
8180f41ecfe53400b3e4495754544b767e7bca2e,20200415,639918.0,30412.0,59930.0,3474456.0,29834,2541,2020-04-15T24:00:00Z,2025,03,26,2025-03-26 21:07:26,18.4177897201749,4.7524839120012246
27e38a9829edaa52314b3c94497aafe70d00541a,20200414,610084.0,27871.0,59601.0,3325178.0,25943,2356,2020-04-14T24:00:00Z,2025,03,26,2025-03-26 21:07:26,18.34740877029741,4.568387304043378
722393acce4c1bc230e0fbae3acbb2cfe4d5e779,20200413,584141.0,25515.0,56283.0,3165148.0,24136,1630,2020-04-13T24:00:00Z,2025,03,26,2025-03-26 21:07:26,18.455408720224142,4.367952258102068
fef7d26bdbd70141b6526c14b3505ed3e54520bb,20200412,560005.0,23885.0,55294.0,3039684.0,28168,1698,2020-04-12T24:00:00Z,2025,03,26,2025-03-26 21:07:26,18.423132141367326,4.265140489817055
f619bd973c581df85c7ff53548dac210d1210695,20200411,531837.0,22187.0,55563.0,2899065.0,31323,2079,2020-04-11T24:00:00Z,2025,03,26,2025-03-26 21:07:26,18.34512161679714,4.171766913546819
e516759abbaebb416fe2d9db4bf55880dc931e05,20200410,500514.0,20108.0,53167.0,2740516.0,33778,2081,2020-04-10T24:00:00Z,2025,03,26,2025-03-26 21:07:26,18.263494903879415,4.0174700407980595
09a1d96d5120b700368f6783a075403541bd7edd,20200409,466736.0,18027.0,51323.0,2584745.0,34992,2054,2020-04-09T24:00:00Z,2025,03,26,2025-03-26 21:07:26,18.057332541507964,3.8623547358678136
3b367a6be212284569e3b9f8424cdd7b5899f3c2,20200408,431744.0,15973.0,45359.0,2413733.0,30964,1999,2020-04-08T24:00:00Z,2025,03,26,2025-03-26 21:07:26,17.886982528722108,3.699646086569819
b988927b4d0a57fa7478a222438461ee6faf4aa9,20200407,400780.0,13974.0,43849.0,2248139.0,30416,2042,2020-04-07T24:00:00Z,2025,03,26,2025-03-26 21:07:26,17.82718951096885,3.4867009331802987
c5f4023fd79158b3c8552c196530f7f27ec81c65,20200406,5420657.0,177282.5,51329.0,74752658.0,28260,1314,2020-04-06T24:00:00Z,2025,03,26,2025-03-26 21:07:26,7.251457199020267,3.270498391615629
56a4702b083f7b368721d724ef0a2860dfd0bf8c,20200405,342104.0,10618.0,32180.0,1940649.0,25843,1340,2020-04-05T24:00:00Z,2025,03,26,2025-03-26 21:07:26,17.628329491834947,3.103734536865982
80587c8a6dc1df9fb0dc5502807c3dceba5d3011,20200404,316261.0,9278.0,30456.0,1811237.0,33122,1478,2020-04-04T24:00:00Z,2025,03,26,2025-03-26 21:07:26,17.46105010001452,2.933652900610572
64bb07cf101c54d11933762aecfa917b2203918c,20200403,283139.0,7800.0,25723.0,1580122.0,31835,1288,2020-04-03T24:00:00Z,2025,03,26,2025-03-26 21:07:26,17.918806269389325,2.754830666209883
26f5631636844aa583b09bfd838468403f2ae263,20200402,251304.0,6512.0,22995.0,1437715.0,28135,1175,2020-04-02T24:00:00Z,2025,03,26,2025-03-26 21:07:26,17.47940308058273,2.5912838633686692
ff9c0ea95e01fd6fa6ac4df035953816fc3ebdfc,20200401,223169.0,5337.0,20906.0,1306569.0,26204,1006,2020-04-01T24:00:00Z,2025,03,26,2025-03-26 21:07:26,17.080536887068344,2.3914611796441263
90526b05cc4e3b76827c82099c3ac9e59302e16c,20200331,196965.0,4331.0,18155.0,1183548.0,25000,909,2020-03-31T24:00:00Z,2025,03,26,2025-03-26 21:07:26,16.64191059424713,2.1988678191556876
9af74a2da031ba35ea0217c92e9646458a2d0642,20200330,171965.0,3422.0,15892.0,1068981.0,21139,584,2020-03-30T24:00:00Z,2025,03,26,2025-03-26 21:07:26,16.086815387738415,1.9899398133341086
dcf7d47af449ccca01a78732aff26a64949e4eb4,20200329,150826.0,2838.0,14055.0,968389.0,19683,506,2020-03-29T24:00:00Z,2025,03,26,2025-03-26 21:07:26,15.574939409679375,1.8816384443000544
abe005e1f102f02d9f2b5c170ca12e0c175d0d6b,20200328,131143.0,2332.0,12393.0,881415.0,19785,550,2020-03-28T24:00:00Z,2025,03,26,2025-03-26 21:07:26,14.878689380144428,1.7782115705756312
d5ba3a0c7b7fdc61e996b25b56a0f7127ea45fef,20200327,111358.0,1782.0,10887.0,769985.0,19215,411,2020-03-27T24:00:00Z,2025,03,26,2025-03-26 21:07:26,14.462359656356941,1.6002442572603675
3f1a0fbd764c5dc0c2769cecb7c9b0bb751f20a5,20200326,92143.0,1371.0,7805.0,668725.0,17592,313,2020-03-26T24:00:00Z,2025,03,26,2025-03-26 21:07:26,13.778907622714867,1.4879046699152405
930b9f0e2305059ebad2c840d7f7354cc3c4ed6f,20200325,74551.0,1058.0,5140.0,561780.0,12657,241,2020-03-25T24:00:00Z,2025,03,26,2025-03-26 21:07:26,13.270497347716187,1.4191627208219877
32e849c3d4e39fd11946ce09a732102d7f14ac77,20200324,61894.0,817.0,3938.0,479351.0,10896,235,2020-03-24T24:00:00Z,2025,03,26,2025-03-26 21:07:26,12.9120414894305,1.3199987074676058
967358494042f7a654c41d355dc6cded3c0f7b3e,20200323,50998.0,582.0,2812.0,392506.0,11190,102,2020-03-23T24:00:00Z,2025,03,26,2025-03-26 21:07:26,12.992922401186224,1.1412212243617397
19c16a608fdc3b746cfb637ef0db7b6721db06cf,20200322,39808.0,480.0,2173.0,335483.0,9228,145,2020-03-22T24:00:00Z,2025,03,26,2025-03-26 21:07:26,11.86587695948826,1.2057877813504823
7bc14f703b0a0345489a5437f765f16e7e385986,20200321,30580.0,335.0,1492.0,283160.0,6940,62,2020-03-21T24:00:00Z,2025,03,26,2025-03-26 21:07:26,10.799547958751237,1.0954872465663834
f394c3ea9f5dd4512ac97b9e03527730a79defb1,20200320,23640.0,273.0,1042.0,230912.0,6100,70,2020-03-20T24:00:00Z,2025,03,26,2025-03-26 21:07:26,10.237666297117515,1.1548223350253806
770358482664264ac2b2656143745512b749de55,20200319,17540.0,203.0,617.0,181357.0,4606,51,2020-03-19T24:00:00Z,2025,03,26,2025-03-26 21:07:26,9.671531840513463,1.1573546180159635
b35682e3205ac56e1b191d7b82528aeca11d0ab8,20200318,12934.0,152.0,416.0,142099.0,3357,26,2020-03-18T24:00:00Z,2025,03,26,2025-03-26 21:07:26,9.102104870547999,1.1751971547858358
0230ba99995d39345589ac6fc13af33413ac42f9,20200317,9577.0,126.0,325.0,109903.0,2128,24,2020-03-17T24:00:00Z,2025,03,26,2025-03-26 21:07:26,8.71404784218811,1.3156520831157983
f27f8a0de638f48588bb9ed77f08b9c2762ca6d6,20200316,7449.0,102.0,51329.0,83148.0,1711,22,2020-03-16T24:00:00Z,2025,03,26,2025-03-26 21:07:26,8.958724202626641,1.369311316955296
a0924c9164c761730ab9406d0803c73665198df3,20200315,5738.0,80.0,51329.0,60034.0,1262,15,2020-03-15T24:00:00Z,2025,03,26,2025-03-26 21:07:26,9.557917180264516,1.394214011850819
41f4c1d78d885c75b799ec39af65e47a9e779b60,20200314,5420657.0,177282.5,51329.0,74752658.0,1026,8,2020-03-14T24:00:00Z,2025,03,26,2025-03-26 21:07:26,7.251457199020267,3.270498391615629
e388e7bf2afc43f4b4863fccc6f2913ad1a7e00d,20200313,3450.0,57.0,51329.0,40016.0,858,5,2020-03-13T24:00:00Z,2025,03,26,2025-03-26 21:07:26,8.62155137944822,1.652173913043478
f832ea8fa9c51c8994733f10e269218041aa8e49,20200312,2592.0,52.0,51329.0,30283.0,677,9,2020-03-12T24:00:00Z,2025,03,26,2025-03-26 21:07:26,8.55925766931942,2.006172839506173
44e8f4c1c6307207a03e37dc5339f255d6e9e810,20200311,1915.0,43.0,51329.0,23600.0,418,6,2020-03-11T24:00:00Z,2025,03,26,2025-03-26 21:07:26,8.114406779661017,2.2454308093994775
3cf9a91ee8656d2c9821df5749468dd5513c9a66,20200310,1497.0,37.0,51329.0,19153.0,436,2,2020-03-10T24:00:00Z,2025,03,26,2025-03-26 21:07:26,7.816007936093563,2.4716098864395457
908bee15be9249d18b3b3f22b43ea4141554ddc0,20200309,1061.0,35.0,51329.0,15831.0,304,4,2020-03-09T24:00:00Z,2025,03,26,2025-03-26 21:07:26,6.702040300675889,3.298774740810556
5f48f3a7066177939318fb82e0c5828d9c599df5,20200308,757.0,31.0,51329.0,13776.0,170,4,2020-03-08T24:00:00Z,2025,03,26,2025-03-26 21:07:26,5.49506387921022,4.095112285336857
d78189e30a069cfe7b0309c2a0519dacc86e5b75,20200307,587.0,27.0,51329.0,12646.0,142,1,2020-03-07T24:00:00Z,2025,03,26,2025-03-26 21:07:26,4.641783963308556,4.599659284497445
fd217a7ddf5e698a3c795c546d471a083891e8fe,20200306,445.0,26.0,51329.0,11715.0,138,6,2020-03-06T24:00:00Z,2025,03,26,2025-03-26 21:07:26,3.798548868971404,5.842696629213483
971f2fd06cb14d47929a8119280c38d236831814,20200305,307.0,20.0,51329.0,9538.0,65,4,2020-03-05T24:00:00Z,2025,03,26,2025-03-26 21:07:26,3.2187041308450413,6.514657980456026
7d6894a853e6f2363e366326bfcb0e6693fa16fa,20200304,242.0,16.0,51329.0,8023.0,128,2,2020-03-04T24:00:00Z,2025,03,26,2025-03-26 21:07:26,3.0163280568365947,6.6115702479338845
20dcc3b78f647536c1ab431a06b4536b424b825f,20200303,114.0,14.0,51329.0,7133.0,42,3,2020-03-03T24:00:00Z,2025,03,26,2025-03-26 21:07:26,1.5982055236225992,12.280701754385964
9faeae0b8a26ed8630ba4235337adc5fbd7b042c,20200302,72.0,11.0,51329.0,6854.0,30,3,2020-03-02T24:00:00Z,2025,03,26,2025-03-26 21:07:26,1.0504814706740588,15.277777777777779
9a97451e99fb23863c7500f252dca2c5cd48923a,20200301,42.0,8.0,51329.0,6651.0,24,3,2020-03-01T24:00:00Z,2025,03,26,2025-03-26 21:07:26,0.6314839873703203,19.047619047619047
ec8dcacd422d50e1a45822f16803851e6a221279,20200229,18.0,5.0,51329.0,6555.0,3,1,2020-02-29T24:00:00Z,2025,03,26,2025-03-26 21:07:26,0.2745995423340961,27.77777777777778
0e9e48365880420971efb3500d80081c34497179,20200228,15.0,4.0,51329.0,6490.0,2,2,2020-02-28T24:00:00Z,2025,03,26,2025-03-26 21:07:26,0.23112480739599386,26.666666666666668
82754c8d1a98af8e9f4cd6edc308d4982a58abcd,20200227,5420657.0,177282.5,51329.0,74752658.0,1,0,2020-02-27T24:00:00Z,2025,03,26,2025-03-26 21:07:26,7.251457199020267,3.270498391615629
b442b66cab4befe408980c6466a56a469451c2d1,20200226,12.0,2.0,51329.0,41.0,2,2,2020-02-26T24:00:00Z,2025,03,26,2025-03-26 21:07:26,29.268292682926827,16.666666666666664
d572198f16ef21555a99e484d1b24f5a6f931486,20200225,10.0,0.0,51329.0,41.0,1,0,2020-02-25T24:00:00Z,2025,03,26,2025-03-26 21:07:26,24.390243902439025,0.0
5cac91319461d69641df0917fadc1e0641af70e2,20200224,9.0,0.0,51329.0,40.0,1,0,2020-02-24T24:00:00Z,2025,03,26,2025-03-26 21:07:26,22.5,0.0
61eb74f03618a57f83dbff58e629c5e51c1528e4,20200223,8.0,0.0,51329.0,38.0,1,0,2020-02-23T24:00:00Z,2025,03,26,2025-03-26 21:07:26,21.052631578947366,0.0
41bd2e9c52e995e61b314189f2915e5f1fe05c7c,20200222,7.0,0.0,51329.0,38.0,0,0,2020-02-22T24:00:00Z,2025,03,26,2025-03-26 21:07:26,18.421052631578945,0.0
59e88b8e836265b058cbae7895fa892ef8b19008,20200221,7.0,0.0,51329.0,37.0,0,0,2020-02-21T24:00:00Z,2025,03,26,2025-03-26 21:07:26,18.91891891891892,0.0
98c9e28ceec3f81af9e70df489aa8d21f0f45753,20200220,7.0,0.0,51329.0,36.0,0,0,2020-02-20T24:00:00Z,2025,03,26,2025-03-26 21:07:26,19.444444444444446,0.0
6ea5e7f85ab9b00b0c739429589ff97975ea4e63,20200219,7.0,0.0,51329.0,35.0,0,0,2020-02-19T24:00:00Z,2025,03,26,2025-03-26 21:07:26,20.0,0.0
965aa5547c7311d07a9037b6982f1c9ad9a43de1,20200218,7.0,0.0,51329.0,29.0,0,0,2020-02-18T24:00:00Z,2025,03,26,2025-03-26 21:07:26,24.137931034482758,0.0
1afa9953a86eaf1ee29c32a4b5c0867250c2a513,20200217,5420657.0,177282.5,51329.0,74752658.0,0,0,2020-02-17T24:00:00Z,2025,03,26,2025-03-26 21:07:26,7.251457199020267,3.270498391615629
29d15de3a9b6b9e77ae62d15edb1827df5a8f607,20200216,7.0,0.0,51329.0,28.0,0,0,2020-02-16T24:00:00Z,2025,03,26,2025-03-26 21:07:26,25.0,0.0
e191eac9f25ebcbf218452097a93ffd33ae9cf64,20200215,7.0,0.0,51329.0,26.0,0,0,2020-02-15T24:00:00Z,2025,03,26,2025-03-26 21:07:26,26.923076923076923,0.0
ee7096da78f0c448b72e82c22157aae637f08a44,20200214,7.0,0.0,51329.0,22.0,1,0,2020-02-14T24:00:00Z,2025,03,26,2025-03-26 21:07:26,31.818181818181817,0.0
8b1fe8b891ed1c9b7a08ada4848d3c5e52257cd9,20200213,6.0,0.0,51329.0,22.0,1,0,2020-02-13T24:00:00Z,2025,03,26,2025-03-26 21:07:26,27.27272727272727,0.0
8dd8b51807df5824e3f90833f75853896b24a0f9,20200212,5.0,0.0,51329.0,21.0,0,0,2020-02-12T24:00:00Z,2025,03,26,2025-03-26 21:07:26,23.809523809523807,0.0
14f19b57460509ebc08a5907528b2f31e79b59f2,20200211,5.0,0.0,51329.0,20.0,0,0,2020-02-11T24:00:00Z,2025,03,26,2025-03-26 21:07:26,25.0,0.0
a3b33f9cbf408a36376df77d8514958c125dde29,20200210,5.0,0.0,51329.0,19.0,0,0,2020-02-10T24:00:00Z,2025,03,26,2025-03-26 21:07:26,26.31578947368421,0.0
f2a72941dabaac1231a359fe69b2c8f07fcf0de9,20200209,5.0,177282.5,51329.0,18.0,0,0,2020-02-09T24:00:00Z,2025,03,26,2025-03-26 21:07:26,27.77777777777778,3545650.0
45d5434a34930849d0afd61f28e6e5ca8e56a36e,20200208,5.0,177282.5,51329.0,18.0,0,0,2020-02-08T24:00:00Z,2025,03,26,2025-03-26 21:07:26,27.77777777777778,3545650.0
86d40971c0969dea20d8af3052a59fc8258c198c,20200207,5.0,177282.5,51329.0,16.0,0,0,2020-02-07T24:00:00Z,2025,03,26,2025-03-26 21:07:26,31.25,3545650.0
fb667e7beb6fda059a920d946a34999d1f95f299,20200206,5.0,177282.5,51329.0,16.0,2,0,2020-02-06T24:00:00Z,2025,03,26,2025-03-26 21:07:26,31.25,3545650.0
d0347190730129163531b7511ec9a46d87cc01c5,20200205,3.0,177282.5,51329.0,15.0,0,0,2020-02-05T24:00:00Z,2025,03,26,2025-03-26 21:07:26,20.0,5909416.666666666
f1808d114a9b1aa49f0d459ad83abac222fab169,20200204,3.0,177282.5,51329.0,15.0,0,0,2020-02-04T24:00:00Z,2025,03,26,2025-03-26 21:07:26,20.0,5909416.666666666
d33cda399ffd5a8f6c021f96985fb70249cdae6e,20200203,3.0,177282.5,51329.0,11.0,1,0,2020-02-03T24:00:00Z,2025,03,26,2025-03-26 21:07:26,27.27272727272727,5909416.666666666
913719ab7cdecf79cc06b61d1f416100ae2fe732,20200202,2.0,177282.5,51329.0,8.0,0,0,2020-02-02T24:00:00Z,2025,03,26,2025-03-26 21:07:26,25.0,8864125.0
312360d4f68c25860d4ab92b9f0b75294f665102,20200201,2.0,177282.5,51329.0,8.0,0,0,2020-02-01T24:00:00Z,2025,03,26,2025-03-26 21:07:26,25.0,8864125.0
da0df81a08624e50176ebd7b0e47377944499c70,20200131,2.0,177282.5,51329.0,8.0,0,0,2020-01-31T24:00:00Z,2025,03,26,2025-03-26 21:07:26,25.0,8864125.0
aab145b00f071d93a2917f002d90b8023c8a84e5,20200130,2.0,177282.5,51329.0,5.0,0,0,2020-01-30T24:00:00Z,2025,03,26,2025-03-26 21:07:26,40.0,8864125.0
94d048aa2512005bf05ce8bc4fec7fbecec981f5,20200129,2.0,177282.5,51329.0,5.0,0,0,2020-01-29T24:00:00Z,2025,03,26,2025-03-26 21:07:26,40.0,8864125.0
c4def787cffd71c27af0fb540777e1e6a0333aac,20200128,2.0,177282.5,51329.0,3.0,0,0,2020-01-28T24:00:00Z,2025,03,26,2025-03-26 21:07:26,66.66666666666666,8864125.0
c747a44fc1e2b9bc8a23f2cb55ca5439ab6c0bc1,20200127,2.0,177282.5,51329.0,3.0,0,0,2020-01-27T24:00:00Z,2025,03,26,2025-03-26 21:07:26,66.66666666666666,8864125.0
75935e2e8d35eede3cf3ed0c369bd31f2fbe91f6,20200126,2.0,177282.5,51329.0,2.0,0,0,2020-01-26T24:00:00Z,2025,03,26,2025-03-26 21:07:26,100.0,8864125.0
aabb76cda5b58a0f256a8f550cbae00bc81a1764,20200125,2.0,177282.5,51329.0,2.0,0,0,2020-01-25T24:00:00Z,2025,03,26,2025-03-26 21:07:26,100.0,8864125.0
5b149d1f58f37c41b40ca3acd7763d764e178776,20200124,2.0,177282.5,51329.0,2.0,0,0,2020-01-24T24:00:00Z,2025,03,26,2025-03-26 21:07:26,100.0,8864125.0
c604c6455d8f618678c08ceb76ed9826b253d104,20200123,2.0,177282.5,51329.0,2.0,0,0,2020-01-23T24:00:00Z,2025,03,26,2025-03-26 21:07:26,100.0,8864125.0
ffee280533875f8ba1b85294085e74919fcc3ec2,20200122,2.0,177282.5,51329.0,1.0,0,0,2020-01-22T24:00:00Z,2025,03,26,2025-03-26 21:07:26,200.0,8864125.0
1eeddf821d7b9cd08a5ff80a5dca47f4693e4eba,20200121,2.0,177282.5,51329.0,0.0,1,0,2020-01-21T24:00:00Z,2025,03,26,2025-03-26 21:07:26,0.0,8864125.0
776e42ed9cc6026fcf1e885daaa7dff4fb4b0b3f,20200120,1.0,177282.5,51329.0,0.0,0,0,2020-01-20T24:00:00Z,2025,03,26,2025-03-26 21:07:26,0.0,17728250.0
c989920d1706d11b097eaaf5a20bc4d081d1208c,20200119,1.0,177282.5,51329.0,0.0,1,0,2020-01-19T24:00:00Z,2025,03,26,2025-03-26 21:07:26,0.0,17728250.0
2394f592b3b27ff21aaebc736a404177acd71927,20200118,0.0,177282.5,51329.0,0.0,0,0,2020-01-18T24:00:00Z,2025,03,26,2025-03-26 21:07:26,0.0,0.0
5fd7ed7fb0f83565ea0aaaf5ff6104e5860be2d6,20200117,0.0,177282.5,51329.0,0.0,0,0,2020-01-17T24:00:00Z,2025,03,26,2025-03-26 21:07:26,0.0,0.0
4c0f2ea879eefec1a18a93bcd8a382ea56cd452d,20200116,0.0,177282.5,51329.0,0.0,0,0,2020-01-16T24:00:00Z,2025,03,26,2025-03-26 21:07:26,0.0,0.0
8a449023413eea473277416e9e30ae126c6af047,20200115,0.0,177282.5,51329.0,0.0,0,0,2020-01-15T24:00:00Z,2025,03,26,2025-03-26 21:07:26,0.0,0.0
fe399466a3dfbe0221a18ed5cacb39a3882d72f8,20200114,0.0,177282.5,51329.0,0.0,0,0,2020-01-14T24:00:00Z,2025,03,26,2025-03-26 21:07:26,0.0,0.0
5672debf187b183735be63f6bd85834ead0047ff,20200113,5420657.0,177282.5,51329.0,0.0,0,0,2020-01-13T24:00:00Z,2025,03,26,2025-03-26 21:07:26,0.0,3.270498391615629
6fc97d61c38bfe7d1ceb1b0df4c44fe9843b66e8,20201013,5420657.0,177282.5,51329.0,74752658.0,46914,718,2020-10-13T24:00:00Z,2025,03,26,2025-03-26 21:07:26,7.251457199020267,3.270498391615629
d0910e80c9a5375fafacdd471012847ce2f8724f,20201224,18573896.0,320450.0,120200.0,243255772.0,206684,2958,2020-12-24T24:00:00Z,2025,03,26,2025-03-26 21:07:26,7.635541737525554,1.7252707778701895
e32393a09912d605685ff512547116d62a867235,20210205,26586775.0,449677.0,86373.0,319697595.0,131146,3543,2021-02-05T24:00:00Z,2025,03,26,2025-03-26 21:07:26,8.316226151153874,1.6913559467065864
0f051125d8d087b7d16ff389091232fd325c3d12,20201225,18700692.0,322003.0,118948.0,244823812.0,126796,1553,2020-12-25T24:00:00Z,2025,03,26,2025-03-26 21:07:26,7.638428569194895,1.7218774577967488
a8e3b540b405af9291478478833507c9150982c9,20210226,28225595.0,500349.0,51112.0,350920316.0,74857,2141,2021-02-26T24:00:00Z,2025,03,26,2025-03-26 21:07:26,8.043306047860735,1.7726783084643567
22c31c3ff9a1bd641b214b6d5205f3511257e78b,20210111,5420657.0,177282.5,51329.0,74752658.0,195255,1733,2021-01-11T24:00:00Z,2025,03,26,2025-03-26 21:07:26,7.251457199020267,3.270498391615629
38e93738046a3ad43198301ac7baf9ea81a46dec,20200514,5420657.0,177282.5,51329.0,74752658.0,26796,1846,2020-05-14T24:00:00Z,2025,03,26,2025-03-26 21:07:26,7.251457199020267,3.270498391615629
622ca55aa226b2d79037fcb14a03996f8f5331ce,20200609,1970726.0,107853.0,31181.0,22549671.0,16933,894,2020-06-09T24:00:00Z,2025,03,26,2025-03-26 21:07:26,8.739488926468152,5.472754710700523
14206a45d17c0ebf5b2db4f29235c8b255590857,20201218,17367905.0,305106.0,113955.0,232006506.0,241786,2866,2020-12-18T24:00:00Z,2025,03,26,2025-03-26 21:07:26,7.485956018836816,1.7567231050607428
2bf4b71e286647a8c9a428099407dc214eecda5d,20200811,5099272.0,156337.0,48600.0,69612863.0,54935,1320,2020-08-11T24:00:00Z,2025,03,26,2025-03-26 21:07:26,7.325186438604027,3.0658690103214736
ff56735a3152b150f77594a93a4220a9ceb91efc,20200825,5420657.0,177282.5,51329.0,74752658.0,36839,1140,2020-08-25T24:00:00Z,2025,03,26,2025-03-26 21:07:26,7.251457199020267,3.270498391615629
2c0c9d536c3c80223e77c588a254b5a8cb8638e5,20200801,4583866.0,146708.0,54554.0,61567531.0,60640,1201,2020-08-01T24:00:00Z,2025,03,26,2025-03-26 21:07:26,7.4452652649007485,3.2005298584208175
714f8224c880b41217c2de98ebcf093ace15be56,20201221,17949678.0,310962.0,115358.0,237662264.0,179406,1480,2020-12-21T24:00:00Z,2025,03,26,2025-03-26 21:07:26,7.55259909499137,1.7324099072975014
b442b66cab4befe408980c6466a56a469451c2d1,20200226,5420657.0,177282.5,51329.0,74752658.0,2,2,2020-02-26T24:00:00Z,2025,03,26,2025-03-26 21:07:26,7.251457199020267,3.270498391615629
1c88106df899e0794d806f9a076c32871a56b409,20210220,5420657.0,177282.5,51329.0,74752658.0,72354,2160,2021-02-20T24:00:00Z,2025,03,26,2025-03-26 21:07:26,7.251457199020267,3.270498391615629
047a8b64ac5b7719d46e7d82abd5a2bcd5c0211d,20201219,17572778.0,307814.0,113914.0,233866045.0,204873,2708,2020-12-19T24:00:00Z,2025,03,26,2025-03-26 21:07:26,7.514035652332514,1.751652470656603
e0eaca65c5bb6e7a7e99cd9e2d97dc0a89251435,20201215,5420657.0,177282.5,51329.0,74752658.0,193218,2924,2020-12-15T24:00:00Z,2025,03,26,2025-03-26 21:07:26,7.251457199020267,3.270498391615629
0322936e628d893c65ff5096c88a4c482d20fab3,20200916,6575837.0,188927.0,30345.0,99653524.0,40319,1190,2020-09-16T24:00:00Z,2025,03,26,2025-03-26 21:07:26,6.5986999115053875,2.8730487084761984
4111051e1408687d2967f7105f262b13734fa7b5,20200915,6535518.0,187737.0,30427.0,98813568.0,34778,1034,2020-09-15T24:00:00Z,2025,03,26,2025-03-26 21:07:26,6.613988475752642,2.8725649596558376
9faeae0b8a26ed8630ba4235337adc5fbd7b042c,20200302,5420657.0,177282.5,51329.0,74752658.0,30,3,2020-03-02T24:00:00Z,2025,03,26,2025-03-26 21:07:26,7.251457199020267,3.270498391615629
c0e4e6a613cb4ee654e4506dff34a572527ae69c,20201103,9410494.0,225027.0,50509.0,154014545.0,119949,1517,2020-11-03T24:00:00Z,2025,03,26,2025-03-26 21:07:26,6.110133299423117,2.391234721577847
819039596a7dcf8d78153d40208f57851b7db32e,20210120,5420657.0,177282.5,51329.0,74752658.0,189203,4409,2021-01-20T24:00:00Z,2025,03,26,2025-03-26 21:07:26,7.251457199020267,3.270498391615629
75935e2e8d35eede3cf3ed0c369bd31f2fbe91f6,20200126,5420657.0,177282.5,51329.0,74752658.0,0,0,2020-01-26T24:00:00Z,2025,03,26,2025-03-26 21:07:26,7.251457199020267,3.270498391615629
5b149d1f58f37c41b40ca3acd7763d764e178776,20200124,5420657.0,177282.5,51329.0,74752658.0,0,0,2020-01-24T24:00:00Z,2025,03,26,2025-03-26 21:07:26,7.251457199020267,3.270498391615629
